CONNECT 'F:\Student\40811v\Dav\Auto.fdb' user 'SYSDBA' password 'masterkey';
COMMIT;

DROP DATABASE 'F:\Student\40811v\Dav\Auto.fdb' user 'SYSDBA' password 'masterkey';
COMMIT;

CREATE DATABASE 'F:\Student\40811v\Dav\Auto.fdb' user 'SYSDBA' password 'masterkey';
COMMIT;

CONNECT 'F:\Student\40811v\Dav\Auto.fdb' user 'SYSDBA' password 'masterkey';
COMMIT;

CREATE TABLE Makes
(
    Make varchar (20),
    Country varchar (50),

    PRIMARY KEY (Make)
);
COMMIT;

CREATE TABLE Models
(
    Model varchar (30),
    Make varchar (20),

    PRIMARY KEY (Model),
    FOREIGN KEY (Make) REFERENCES Makes (Make)
);
COMMIT;

CREATE TABLE Packagings
(
    Packaging varchar (50),
    Model varchar (30),
    Engine_volume int,
    Engine_power int,
    Engine_type varchar (30),
    Body_type varchar (20),
    Wheel_drive varchar (10),
    Transmission varchar (20),
    AntiBS char(1),
    ASR char(1),
    On_board_computer char(1),
    Rain_sensor char(1),
    Light_sensor char(1),
    Air_conditioning_unit varchar (30),
    Cruise_control char(1),
    Xenon_headlamps char(1),
    Alloy_wheels char(1),
    Sunroof char(1),
    Multimedia varchar (20),
    Heated_mirrors char(1),
    Heated_seats char(1),
    Headlight_washer char(1),
    Security_system char(1),
    Parktronic char(1),
    Interior varchar (20),
    Power_steering varchar (10),
    Central_lock char(1),
    Power_windows varchar (10),

    PRIMARY KEY (Packaging),
    FOREIGN KEY (Model) REFERENCES Models (Model)
);
COMMIT;

CREATE TABLE Cars
(
    VIN char (17),    
    Packaging varchar (50),
    Production_year int,
    Operational_kilometers int,
    Condition varchar (20),
    Owners int,
    Colour varchar (30),
    Interior_color varchar (20),
    Photo blob,

    PRIMARY KEY (VIN),
    FOREIGN KEY (Packaging) REFERENCES Packagings (Packaging)
);
COMMIT;

CREATE TABLE Clients 
(
    Client_Id int,    
    Last_name varchar (50),
    First_name varchar (50),
    Patronymic varchar (50),
    Birthdate date,
    Passport_number char (11),
    Address varchar (255),
    Telephone char (12),
    Email varchar (255),
    Seller int,

    PRIMARY KEY (Client_Id)
);
COMMIT;

CREATE TABLE Sellers
(
    Seller_Id int,    
    Last_name varchar (50),
    First_name varchar (50),
    Patronymic varchar (50),
    Birthdate date,
    Passport_number char (11),
    Address varchar (255),
    Telephone char (12),
    Email varchar (255),

    PRIMARY KEY (Seller_Id),
    UNIQUE (Passport_number),
    UNIQUE (Telephone),
    UNIQUE (Email)
);
COMMIT;

CREATE TABLE Insurances
(
    Insurance_number varchar (50),
    Insurance_type varchar (50),
    Insurance_company varchar (255),

    PRIMARY KEY (Insurance_number)
);

CREATE TABLE Car_sales
(
    Contract_number int,
    Date_contr timestamp,
    Seller_Id int,
    Client_Id int,
    VIN char (17),
    Price int,
    
    PRIMARY KEY (Contract_number),
    FOREIGN KEY (VIN) REFERENCES Cars (VIN),
    FOREIGN KEY (Seller_Id) REFERENCES Sellers (Seller_Id),
    FOREIGN KEY (Client_Id) REFERENCES Clients (Client_Id)
);
COMMIT;

CREATE TABLE Insurance_sales
(
    Contract_number int,
    Date_contr timestamp,
    Seller_Id int,
    Client_Id int,
    VIN char (17),
    Insurance_number varchar (50),
    Start_ins date,
    Stop_ins date,
    Price int,
    
    PRIMARY KEY (Contract_number),
    UNIQUE (Insurance_number),
    FOREIGN KEY (VIN) REFERENCES Cars (VIN),
    FOREIGN KEY (Seller_Id) REFERENCES Sellers (Seller_Id),
    FOREIGN KEY (Client_Id) REFERENCES Clients (Client_Id),
    FOREIGN KEY (Insurance_number) REFERENCES Insurances (Insurance_number)
);
COMMIT;

/******************************************************************************/
/***                   Заполнение таблицы MAKES                             ***/
/******************************************************************************/

INSERT INTO MAKES (MAKE, COUNTRY) VALUES ('AUDI', 'Германия');
INSERT INTO MAKES (MAKE, COUNTRY) VALUES ('BMW', 'Германия');
INSERT INTO MAKES (MAKE, COUNTRY) VALUES ('CHEVROLET', 'США');
INSERT INTO MAKES (MAKE, COUNTRY) VALUES ('CHRYSLER', 'США');
INSERT INTO MAKES (MAKE, COUNTRY) VALUES ('CITROEN', 'Франция');
INSERT INTO MAKES (MAKE, COUNTRY) VALUES ('DAEWOO', 'Узбекистан');
INSERT INTO MAKES (MAKE, COUNTRY) VALUES ('FORD', 'США');
INSERT INTO MAKES (MAKE, COUNTRY) VALUES ('GREAT WALL', 'КНР');
INSERT INTO MAKES (MAKE, COUNTRY) VALUES ('HONDA', 'Япония');
INSERT INTO MAKES (MAKE, COUNTRY) VALUES ('HYUNDAI', 'Республика Корея');
INSERT INTO MAKES (MAKE, COUNTRY) VALUES ('JAGUAR', 'Великобритания');
INSERT INTO MAKES (MAKE, COUNTRY) VALUES ('KIA', 'Республика Корея');
INSERT INTO MAKES (MAKE, COUNTRY) VALUES ('LIFAN', 'КНР');
INSERT INTO MAKES (MAKE, COUNTRY) VALUES ('MAZDA', 'Япония');
INSERT INTO MAKES (MAKE, COUNTRY) VALUES ('MERCEDES-BENZ', 'Германия');
INSERT INTO MAKES (MAKE, COUNTRY) VALUES ('MITSUBISHI', 'Япония');
INSERT INTO MAKES (MAKE, COUNTRY) VALUES ('NISSAN', 'Япония');
INSERT INTO MAKES (MAKE, COUNTRY) VALUES ('OPEL', 'Германия');
INSERT INTO MAKES (MAKE, COUNTRY) VALUES ('PEUGEOT', 'Франция');
INSERT INTO MAKES (MAKE, COUNTRY) VALUES ('PORSCHE', 'Германия');
INSERT INTO MAKES (MAKE, COUNTRY) VALUES ('RENAULT', 'Франция');
INSERT INTO MAKES (MAKE, COUNTRY) VALUES ('SAAB', 'Швеция');
INSERT INTO MAKES (MAKE, COUNTRY) VALUES ('SEAT', 'Испания');
INSERT INTO MAKES (MAKE, COUNTRY) VALUES ('SKODA', 'Чехия');
INSERT INTO MAKES (MAKE, COUNTRY) VALUES ('SUBARU', 'Япония');
INSERT INTO MAKES (MAKE, COUNTRY) VALUES ('SUZUKI', 'Япония');
INSERT INTO MAKES (MAKE, COUNTRY) VALUES ('TOYOTA', 'Япония');
INSERT INTO MAKES (MAKE, COUNTRY) VALUES ('VOLKSWAGEN', 'Германия');
INSERT INTO MAKES (MAKE, COUNTRY) VALUES ('VOLVO', 'Швеция');
INSERT INTO MAKES (MAKE, COUNTRY) VALUES ('ВАЗ', 'Россия');
INSERT INTO MAKES (MAKE, COUNTRY) VALUES ('ГАЗ', 'Россия');
INSERT INTO MAKES (MAKE, COUNTRY) VALUES ('УАЗ', 'Россия');

/******************************************************************************/
/***                   Заполнение таблицы MODELS                            ***/
/******************************************************************************/

INSERT INTO MODELS (MODEL, MAKE) VALUES ('A6', 'AUDI');
INSERT INTO MODELS (MODEL, MAKE) VALUES ('Q5', 'AUDI');
INSERT INTO MODELS (MODEL, MAKE) VALUES ('550i', 'BMW');
INSERT INTO MODELS (MODEL, MAKE) VALUES ('X6', 'BMW');
INSERT INTO MODELS (MODEL, MAKE) VALUES ('AVEO', 'CHEVROLET');
INSERT INTO MODELS (MODEL, MAKE) VALUES ('TAHOE', 'CHEVROLET');
INSERT INTO MODELS (MODEL, MAKE) VALUES ('300C', 'CHRYSLER');
INSERT INTO MODELS (MODEL, MAKE) VALUES ('TOWN & COUNTRY', 'CHRYSLER');
INSERT INTO MODELS (MODEL, MAKE) VALUES ('C6', 'CITROEN');
INSERT INTO MODELS (MODEL, MAKE) VALUES ('DS4', 'CITROEN');
INSERT INTO MODELS (MODEL, MAKE) VALUES ('NEXIA', 'DAEWOO');
INSERT INTO MODELS (MODEL, MAKE) VALUES ('MATIZ', 'DAEWOO');
INSERT INTO MODELS (MODEL, MAKE) VALUES ('FOCUS', 'FORD');
INSERT INTO MODELS (MODEL, MAKE) VALUES ('KUGA', 'FORD');
INSERT INTO MODELS (MODEL, MAKE) VALUES ('HOVER', 'GREAT WALL');
INSERT INTO MODELS (MODEL, MAKE) VALUES ('DEER', 'GREAT WALL');
INSERT INTO MODELS (MODEL, MAKE) VALUES ('ACCORD', 'HONDA');
INSERT INTO MODELS (MODEL, MAKE) VALUES ('CR-V', 'HONDA');
INSERT INTO MODELS (MODEL, MAKE) VALUES ('SOLARIS', 'HYUNDAI');
INSERT INTO MODELS (MODEL, MAKE) VALUES ('SANTA FE', 'HYUNDAI');
INSERT INTO MODELS (MODEL, MAKE) VALUES ('XFR', 'JAGUAR');
INSERT INTO MODELS (MODEL, MAKE) VALUES ('XJ220', 'JAGUAR');
INSERT INTO MODELS (MODEL, MAKE) VALUES ('CEED', 'KIA');
INSERT INTO MODELS (MODEL, MAKE) VALUES ('RIO', 'KIA');
INSERT INTO MODELS (MODEL, MAKE) VALUES ('Solano', 'LIFAN');
INSERT INTO MODELS (MODEL, MAKE) VALUES ('X60', 'LIFAN');
INSERT INTO MODELS (MODEL, MAKE) VALUES ('CX-7', 'MAZDA');
INSERT INTO MODELS (MODEL, MAKE) VALUES ('Mx-5', 'MAZDA');
INSERT INTO MODELS (MODEL, MAKE) VALUES ('E 250', 'MERCEDES-BENZ');
INSERT INTO MODELS (MODEL, MAKE) VALUES ('GL 350', 'MERCEDES-BENZ');
INSERT INTO MODELS (MODEL, MAKE) VALUES ('LANCER', 'MITSUBISHI');
INSERT INTO MODELS (MODEL, MAKE) VALUES ('PAJERO', 'MITSUBISHI');
INSERT INTO MODELS (MODEL, MAKE) VALUES ('PRIMERA', 'NISSAN');
INSERT INTO MODELS (MODEL, MAKE) VALUES ('PATROL', 'NISSAN');
INSERT INTO MODELS (MODEL, MAKE) VALUES ('CORSA', 'OPEL');
INSERT INTO MODELS (MODEL, MAKE) VALUES ('VECTRA', 'OPEL');
INSERT INTO MODELS (MODEL, MAKE) VALUES ('307', 'PEUGEOT');
INSERT INTO MODELS (MODEL, MAKE) VALUES ('4008', 'PEUGEOT');
INSERT INTO MODELS (MODEL, MAKE) VALUES ('CARRERA', 'PORSCHE');
INSERT INTO MODELS (MODEL, MAKE) VALUES ('CAYENNE', 'PORSCHE');
INSERT INTO MODELS (MODEL, MAKE) VALUES ('LOGAN', 'RENAULT');
INSERT INTO MODELS (MODEL, MAKE) VALUES ('DUSTER', 'RENAULT');
INSERT INTO MODELS (MODEL, MAKE) VALUES ('9-5', 'SAAB');
INSERT INTO MODELS (MODEL, MAKE) VALUES ('9-7X', 'SAAB');
INSERT INTO MODELS (MODEL, MAKE) VALUES ('Leon', 'SEAT');
INSERT INTO MODELS (MODEL, MAKE) VALUES ('Toledo', 'SEAT');
INSERT INTO MODELS (MODEL, MAKE) VALUES ('OCTAVIA', 'SKODA');
INSERT INTO MODELS (MODEL, MAKE) VALUES ('YETI', 'SKODA');
INSERT INTO MODELS (MODEL, MAKE) VALUES ('IMPREZA', 'SUBARU');
INSERT INTO MODELS (MODEL, MAKE) VALUES ('FORESTER', 'SUBARU');
INSERT INTO MODELS (MODEL, MAKE) VALUES ('SWIFT', 'SUZUKI');
INSERT INTO MODELS (MODEL, MAKE) VALUES ('GRAND VITARA', 'SUZUKI');
INSERT INTO MODELS (MODEL, MAKE) VALUES ('CAMRY', 'TOYOTA');
INSERT INTO MODELS (MODEL, MAKE) VALUES ('RAV 4', 'TOYOTA');
INSERT INTO MODELS (MODEL, MAKE) VALUES ('GOLF', 'VOLKSWAGEN');
INSERT INTO MODELS (MODEL, MAKE) VALUES ('TOUAREG', 'VOLKSWAGEN');
INSERT INTO MODELS (MODEL, MAKE) VALUES ('S80', 'VOLVO');
INSERT INTO MODELS (MODEL, MAKE) VALUES ('XC90', 'VOLVO');
INSERT INTO MODELS (MODEL, MAKE) VALUES ('GRANTA', 'ВАЗ');
INSERT INTO MODELS (MODEL, MAKE) VALUES ('LARGUS', 'ВАЗ');
INSERT INTO MODELS (MODEL, MAKE) VALUES ('Siber', 'ГАЗ');
INSERT INTO MODELS (MODEL, MAKE) VALUES ('3110', 'ГАЗ');
INSERT INTO MODELS (MODEL, MAKE) VALUES ('HUNTER', 'УАЗ');
INSERT INTO MODELS (MODEL, MAKE) VALUES ('PATRIOT', 'УАЗ');

/******************************************************************************/
/***                   Заполнение таблицы SELLERS                           ***/
/******************************************************************************/

INSERT INTO SELLERS (SELLER_ID, LAST_NAME, FIRST_NAME, PATRONYMIC, BIRTHDATE, PASSPORT_NUMBER, ADDRESS, TELEPHONE, EMAIL) VALUES (1, 'Прохоров', 'Андрей', 'Сергеевич', '1985-02-24 00:00:00', '4010 251289', 'ул. Пушкинская д.10 кор.2 кв.15', '79211259854 ', 'proand@avto.ru');
INSERT INTO SELLERS (SELLER_ID, LAST_NAME, FIRST_NAME, PATRONYMIC, BIRTHDATE, PASSPORT_NUMBER, ADDRESS, TELEPHONE, EMAIL) VALUES (2, 'Смирнов', 'Иван', 'Владимирович', '1990-05-18 00:00:00', '4011 434796', 'пр. Северный д.58 кор.1 кв.259', '79211254789 ', 'smiiva@avto.ru');
INSERT INTO SELLERS (SELLER_ID, LAST_NAME, FIRST_NAME, PATRONYMIC, BIRTHDATE, PASSPORT_NUMBER, ADDRESS, TELEPHONE, EMAIL) VALUES (3, 'Никитин', 'Дмитрий', 'Юрьевич', '1992-01-08 00:00:00', '4011 985234', 'пр. Московский д.125 кор.3 кв.68', '79219653218 ', 'nikdmi@avto.ru');
INSERT INTO SELLERS (SELLER_ID, LAST_NAME, FIRST_NAME, PATRONYMIC, BIRTHDATE, PASSPORT_NUMBER, ADDRESS, TELEPHONE, EMAIL) VALUES (4, 'Артёменко', 'Владимир', 'Петрович', '1987-11-10 00:00:00', '4010 325698', 'пер. Гривцова д.7 кв.8', '79212458963 ', 'artvla@avto.ru');
INSERT INTO SELLERS (SELLER_ID, LAST_NAME, FIRST_NAME, PATRONYMIC, BIRTHDATE, PASSPORT_NUMBER, ADDRESS, TELEPHONE, EMAIL) VALUES (5, 'Трифонов', 'Сергей', 'Николаевич', '1989-07-30 00:00:00', '4010 125896', 'ул. Планерная д.97 кор.2 кв.24', '79214785236 ', 'triser@avto.ru');
INSERT INTO SELLERS (SELLER_ID, LAST_NAME, FIRST_NAME, PATRONYMIC, BIRTHDATE, PASSPORT_NUMBER, ADDRESS, TELEPHONE, EMAIL) VALUES (6, 'Иванов', 'Юрий', 'Геннадьевич', '1983-12-05 00:00:00', '4008 189637', 'пр. Стачек д.18 кор.1 кв.56', '79215874369 ', 'ivauri@avto.ru');
INSERT INTO SELLERS (SELLER_ID, LAST_NAME, FIRST_NAME, PATRONYMIC, BIRTHDATE, PASSPORT_NUMBER, ADDRESS, TELEPHONE, EMAIL) VALUES (7, 'Шишкин', 'Павел', 'Игоревич', '1988-04-28 00:00:00', '4009 214563', 'пр. Ириновский д.3 кв.2', '79214589632 ', 'shipav@avto.ru');
INSERT INTO SELLERS (SELLER_ID, LAST_NAME, FIRST_NAME, PATRONYMIC, BIRTHDATE, PASSPORT_NUMBER, ADDRESS, TELEPHONE, EMAIL) VALUES (8, 'Петряшкин', 'Александр', 'Анатольевич', '1990-09-14 00:00:00', '4010 759632', 'пр. Славы д.15 кор.3 кв.27', '79211597536 ', 'petale@avto.ru');
INSERT INTO SELLERS (SELLER_ID, LAST_NAME, FIRST_NAME, PATRONYMIC, BIRTHDATE, PASSPORT_NUMBER, ADDRESS, TELEPHONE, EMAIL) VALUES (9, 'Петров', 'Денис', 'Иванович', '1989-02-14 00:00:00', '4010 145963', 'ул. Наличная д.75 кор.2 кв.140', '79211496527 ', 'petden@avto.ru');
INSERT INTO SELLERS (SELLER_ID, LAST_NAME, FIRST_NAME, PATRONYMIC, BIRTHDATE, PASSPORT_NUMBER, ADDRESS, TELEPHONE, EMAIL) VALUES (10, 'Николаев', 'Константин', 'Александрович', '1993-05-29 00:00:00', '4011 998563', 'ул. Садовая д.18 кор.1 кв.54', '79219565874 ', 'nikkon@avto.ru');

/******************************************************************************/
/***                   Заполнение таблицы INSURANCES                        ***/
/******************************************************************************/

INSERT INTO INSURANCES (INSURANCE_NUMBER, INSURANCE_TYPE, INSURANCE_COMPANY) VALUES ('8397199287', 'КАСКО', 'Транснефть');
INSERT INTO INSURANCES (INSURANCE_NUMBER, INSURANCE_TYPE, INSURANCE_COMPANY) VALUES ('2117379212', 'Зеленая карта', 'Страховая группа МСК');
INSERT INTO INSURANCES (INSURANCE_NUMBER, INSURANCE_TYPE, INSURANCE_COMPANY) VALUES ('2065253724', 'ОСАГО', 'Страховая группа МСК');
INSERT INTO INSURANCES (INSURANCE_NUMBER, INSURANCE_TYPE, INSURANCE_COMPANY) VALUES ('5678764527', 'ОСАГО', 'Росгосстрах');
INSERT INTO INSURANCES (INSURANCE_NUMBER, INSURANCE_TYPE, INSURANCE_COMPANY) VALUES ('5379595830', 'ДСАГО', 'Страховая группа МСК');
INSERT INTO INSURANCES (INSURANCE_NUMBER, INSURANCE_TYPE, INSURANCE_COMPANY) VALUES ('2298643384', 'ДСАГО', 'Алико');
INSERT INTO INSURANCES (INSURANCE_NUMBER, INSURANCE_TYPE, INSURANCE_COMPANY) VALUES ('5436372533', 'Зеленая карта', 'Согласие');
INSERT INTO INSURANCES (INSURANCE_NUMBER, INSURANCE_TYPE, INSURANCE_COMPANY) VALUES ('6469619407', 'ДСАГО', 'Югория');
INSERT INTO INSURANCES (INSURANCE_NUMBER, INSURANCE_TYPE, INSURANCE_COMPANY) VALUES ('8065123960', 'Зеленая карта', 'Первая страховая компания');
INSERT INTO INSURANCES (INSURANCE_NUMBER, INSURANCE_TYPE, INSURANCE_COMPANY) VALUES ('0923888049', 'КАСКО', 'АльфаСтрахование');
INSERT INTO INSURANCES (INSURANCE_NUMBER, INSURANCE_TYPE, INSURANCE_COMPANY) VALUES ('3571521899', 'ДСАГО', 'МАКС');
INSERT INTO INSURANCES (INSURANCE_NUMBER, INSURANCE_TYPE, INSURANCE_COMPANY) VALUES ('7659926998', 'КАСКО', 'Ренессанс Страхование');
INSERT INTO INSURANCES (INSURANCE_NUMBER, INSURANCE_TYPE, INSURANCE_COMPANY) VALUES ('6594907729', 'ОСАГО', 'Первая страховая компания');
INSERT INTO INSURANCES (INSURANCE_NUMBER, INSURANCE_TYPE, INSURANCE_COMPANY) VALUES ('9565289711', 'ДСАГО', 'Уралсиб');
INSERT INTO INSURANCES (INSURANCE_NUMBER, INSURANCE_TYPE, INSURANCE_COMPANY) VALUES ('0808872257', 'ОСАГО', 'РОСНО');
INSERT INTO INSURANCES (INSURANCE_NUMBER, INSURANCE_TYPE, INSURANCE_COMPANY) VALUES ('8741125266', 'КАСКО', 'АльфаСтрахование');
INSERT INTO INSURANCES (INSURANCE_NUMBER, INSURANCE_TYPE, INSURANCE_COMPANY) VALUES ('4706756788', 'ДСАГО', 'Алико');
INSERT INTO INSURANCES (INSURANCE_NUMBER, INSURANCE_TYPE, INSURANCE_COMPANY) VALUES ('0927234579', 'Зеленая карта', 'Страховая группа МСК');
INSERT INTO INSURANCES (INSURANCE_NUMBER, INSURANCE_TYPE, INSURANCE_COMPANY) VALUES ('5904249952', 'КАСКО', 'Капитал Страхование');
INSERT INTO INSURANCES (INSURANCE_NUMBER, INSURANCE_TYPE, INSURANCE_COMPANY) VALUES ('2669821525', 'ОСАГО', 'МАКС');
INSERT INTO INSURANCES (INSURANCE_NUMBER, INSURANCE_TYPE, INSURANCE_COMPANY) VALUES ('4553805993', 'ОСАГО', 'Цюрих');
INSERT INTO INSURANCES (INSURANCE_NUMBER, INSURANCE_TYPE, INSURANCE_COMPANY) VALUES ('4598729063', 'КАСКО', 'Ингосстрах');
INSERT INTO INSURANCES (INSURANCE_NUMBER, INSURANCE_TYPE, INSURANCE_COMPANY) VALUES ('1882595825', 'ДСАГО', 'Русский Стандарт Страхование');
INSERT INTO INSURANCES (INSURANCE_NUMBER, INSURANCE_TYPE, INSURANCE_COMPANY) VALUES ('2223074095', 'КАСКО', 'Капитал Страхование');
INSERT INTO INSURANCES (INSURANCE_NUMBER, INSURANCE_TYPE, INSURANCE_COMPANY) VALUES ('7009451140', 'ДСАГО', 'РОСНО');
INSERT INTO INSURANCES (INSURANCE_NUMBER, INSURANCE_TYPE, INSURANCE_COMPANY) VALUES ('6463504234', 'ОСАГО', 'Согласие');
INSERT INTO INSURANCES (INSURANCE_NUMBER, INSURANCE_TYPE, INSURANCE_COMPANY) VALUES ('3157808019', 'ДСАГО', 'Росгосстрах');
INSERT INTO INSURANCES (INSURANCE_NUMBER, INSURANCE_TYPE, INSURANCE_COMPANY) VALUES ('1850661141', 'КАСКО', 'РОСНО');
INSERT INTO INSURANCES (INSURANCE_NUMBER, INSURANCE_TYPE, INSURANCE_COMPANY) VALUES ('8114758477', 'Зеленая карта', 'Уралсиб');
INSERT INTO INSURANCES (INSURANCE_NUMBER, INSURANCE_TYPE, INSURANCE_COMPANY) VALUES ('3097488449', 'ОСАГО', 'Капитал Страхование');
INSERT INTO INSURANCES (INSURANCE_NUMBER, INSURANCE_TYPE, INSURANCE_COMPANY) VALUES ('4036382149', 'ОСАГО', 'ВСК');
INSERT INTO INSURANCES (INSURANCE_NUMBER, INSURANCE_TYPE, INSURANCE_COMPANY) VALUES ('1257829195', 'ОСАГО', 'Росгосстрах');
INSERT INTO INSURANCES (INSURANCE_NUMBER, INSURANCE_TYPE, INSURANCE_COMPANY) VALUES ('4279983042', 'ОСАГО', 'ВСК');
INSERT INTO INSURANCES (INSURANCE_NUMBER, INSURANCE_TYPE, INSURANCE_COMPANY) VALUES ('0757643108', 'ДСАГО', 'Первая страховая компания');
INSERT INTO INSURANCES (INSURANCE_NUMBER, INSURANCE_TYPE, INSURANCE_COMPANY) VALUES ('2020406271', 'Зеленая карта', 'Страховая группа МСК');
INSERT INTO INSURANCES (INSURANCE_NUMBER, INSURANCE_TYPE, INSURANCE_COMPANY) VALUES ('6091224894', 'ОСАГО', 'Альянс');
INSERT INTO INSURANCES (INSURANCE_NUMBER, INSURANCE_TYPE, INSURANCE_COMPANY) VALUES ('6161039820', 'КАСКО', 'Югория');
INSERT INTO INSURANCES (INSURANCE_NUMBER, INSURANCE_TYPE, INSURANCE_COMPANY) VALUES ('5854322351', 'ДСАГО', 'Ингосстрах');
INSERT INTO INSURANCES (INSURANCE_NUMBER, INSURANCE_TYPE, INSURANCE_COMPANY) VALUES ('7581495776', 'Зеленая карта', 'Алико');
INSERT INTO INSURANCES (INSURANCE_NUMBER, INSURANCE_TYPE, INSURANCE_COMPANY) VALUES ('8069021306', 'ОСАГО', 'Капитал Страхование');
INSERT INTO INSURANCES (INSURANCE_NUMBER, INSURANCE_TYPE, INSURANCE_COMPANY) VALUES ('4467570190', 'КАСКО', 'Ингосстрах');
INSERT INTO INSURANCES (INSURANCE_NUMBER, INSURANCE_TYPE, INSURANCE_COMPANY) VALUES ('9345688085', 'ДСАГО', 'АльфаСтрахование');
INSERT INTO INSURANCES (INSURANCE_NUMBER, INSURANCE_TYPE, INSURANCE_COMPANY) VALUES ('6583091548', 'ДСАГО', 'Югория');
INSERT INTO INSURANCES (INSURANCE_NUMBER, INSURANCE_TYPE, INSURANCE_COMPANY) VALUES ('0409108755', 'ДСАГО', 'ВТБ Страхование');
INSERT INTO INSURANCES (INSURANCE_NUMBER, INSURANCE_TYPE, INSURANCE_COMPANY) VALUES ('7958542408', 'ОСАГО', 'ВТБ Страхование');
INSERT INTO INSURANCES (INSURANCE_NUMBER, INSURANCE_TYPE, INSURANCE_COMPANY) VALUES ('6105197184', 'ДСАГО', 'Русский Стандарт Страхование');
INSERT INTO INSURANCES (INSURANCE_NUMBER, INSURANCE_TYPE, INSURANCE_COMPANY) VALUES ('9123925155', 'КАСКО', 'Ингосстрах');
INSERT INTO INSURANCES (INSURANCE_NUMBER, INSURANCE_TYPE, INSURANCE_COMPANY) VALUES ('0475551717', 'Зеленая карта', 'Капитал Страхование');
INSERT INTO INSURANCES (INSURANCE_NUMBER, INSURANCE_TYPE, INSURANCE_COMPANY) VALUES ('1109740223', 'КАСКО', 'Согласие');
INSERT INTO INSURANCES (INSURANCE_NUMBER, INSURANCE_TYPE, INSURANCE_COMPANY) VALUES ('8712312260', 'ОСАГО', 'Транснефть');
INSERT INTO INSURANCES (INSURANCE_NUMBER, INSURANCE_TYPE, INSURANCE_COMPANY) VALUES ('0827518341', 'ОСАГО', 'Русский Стандарт Страхование');
INSERT INTO INSURANCES (INSURANCE_NUMBER, INSURANCE_TYPE, INSURANCE_COMPANY) VALUES ('9022584733', 'КАСКО', 'РОСНО');
INSERT INTO INSURANCES (INSURANCE_NUMBER, INSURANCE_TYPE, INSURANCE_COMPANY) VALUES ('7767255151', 'ДСАГО', 'Югория');
INSERT INTO INSURANCES (INSURANCE_NUMBER, INSURANCE_TYPE, INSURANCE_COMPANY) VALUES ('8372211893', 'Зеленая карта', 'РОСНО');
INSERT INTO INSURANCES (INSURANCE_NUMBER, INSURANCE_TYPE, INSURANCE_COMPANY) VALUES ('4724159756', 'КАСКО', 'Русский Стандарт Страхование');
INSERT INTO INSURANCES (INSURANCE_NUMBER, INSURANCE_TYPE, INSURANCE_COMPANY) VALUES ('1812896542', 'Зеленая карта', 'МАКС');
INSERT INTO INSURANCES (INSURANCE_NUMBER, INSURANCE_TYPE, INSURANCE_COMPANY) VALUES ('8515951691', 'КАСКО', 'Росгосстрах');
INSERT INTO INSURANCES (INSURANCE_NUMBER, INSURANCE_TYPE, INSURANCE_COMPANY) VALUES ('8414193330', 'ДСАГО', 'Страховая группа МСК');
INSERT INTO INSURANCES (INSURANCE_NUMBER, INSURANCE_TYPE, INSURANCE_COMPANY) VALUES ('3028706876', 'ОСАГО', 'Ренессанс Страхование');
INSERT INTO INSURANCES (INSURANCE_NUMBER, INSURANCE_TYPE, INSURANCE_COMPANY) VALUES ('5865889286', 'ДСАГО', 'Русский Стандарт Страхование');
INSERT INTO INSURANCES (INSURANCE_NUMBER, INSURANCE_TYPE, INSURANCE_COMPANY) VALUES ('4066887673', 'КАСКО', 'ВТБ Страхование');
INSERT INTO INSURANCES (INSURANCE_NUMBER, INSURANCE_TYPE, INSURANCE_COMPANY) VALUES ('5252478268', 'ОСАГО', 'Росгосстрах');
INSERT INTO INSURANCES (INSURANCE_NUMBER, INSURANCE_TYPE, INSURANCE_COMPANY) VALUES ('4945074894', 'Зеленая карта', 'ВСК');
INSERT INTO INSURANCES (INSURANCE_NUMBER, INSURANCE_TYPE, INSURANCE_COMPANY) VALUES ('6838699090', 'Зеленая карта', 'РОСНО');
INSERT INTO INSURANCES (INSURANCE_NUMBER, INSURANCE_TYPE, INSURANCE_COMPANY) VALUES ('3175076765', 'КАСКО', 'Цюрих');
INSERT INTO INSURANCES (INSURANCE_NUMBER, INSURANCE_TYPE, INSURANCE_COMPANY) VALUES ('2479303943', 'ДСАГО', 'Первая страховая компания');
INSERT INTO INSURANCES (INSURANCE_NUMBER, INSURANCE_TYPE, INSURANCE_COMPANY) VALUES ('4645908305', 'ОСАГО', 'Росгосстрах');
INSERT INTO INSURANCES (INSURANCE_NUMBER, INSURANCE_TYPE, INSURANCE_COMPANY) VALUES ('3762461989', 'ОСАГО', 'Согаз');
INSERT INTO INSURANCES (INSURANCE_NUMBER, INSURANCE_TYPE, INSURANCE_COMPANY) VALUES ('1860352802', 'КАСКО', 'Югория');
INSERT INTO INSURANCES (INSURANCE_NUMBER, INSURANCE_TYPE, INSURANCE_COMPANY) VALUES ('1569651904', 'КАСКО', 'МАКС');
INSERT INTO INSURANCES (INSURANCE_NUMBER, INSURANCE_TYPE, INSURANCE_COMPANY) VALUES ('7597710286', 'ОСАГО', 'Первая страховая компания');
INSERT INTO INSURANCES (INSURANCE_NUMBER, INSURANCE_TYPE, INSURANCE_COMPANY) VALUES ('5515342524', 'ОСАГО', 'Алико');
INSERT INTO INSURANCES (INSURANCE_NUMBER, INSURANCE_TYPE, INSURANCE_COMPANY) VALUES ('2537914704', 'ОСАГО', 'АльфаСтрахование');
INSERT INTO INSURANCES (INSURANCE_NUMBER, INSURANCE_TYPE, INSURANCE_COMPANY) VALUES ('9688144440', 'Зеленая карта', 'РОСНО');
INSERT INTO INSURANCES (INSURANCE_NUMBER, INSURANCE_TYPE, INSURANCE_COMPANY) VALUES ('1294934997', 'КАСКО', 'АльфаСтрахование');
INSERT INTO INSURANCES (INSURANCE_NUMBER, INSURANCE_TYPE, INSURANCE_COMPANY) VALUES ('4905878034', 'КАСКО', 'Русский Стандарт Страхование');
INSERT INTO INSURANCES (INSURANCE_NUMBER, INSURANCE_TYPE, INSURANCE_COMPANY) VALUES ('4210066209', 'КАСКО', 'Алико');
INSERT INTO INSURANCES (INSURANCE_NUMBER, INSURANCE_TYPE, INSURANCE_COMPANY) VALUES ('6135074126', 'Зеленая карта', 'РОСНО');
INSERT INTO INSURANCES (INSURANCE_NUMBER, INSURANCE_TYPE, INSURANCE_COMPANY) VALUES ('5453333881', 'ОСАГО', 'Капитал Страхование');
INSERT INTO INSURANCES (INSURANCE_NUMBER, INSURANCE_TYPE, INSURANCE_COMPANY) VALUES ('6922622476', 'Зеленая карта', 'ВСК');
INSERT INTO INSURANCES (INSURANCE_NUMBER, INSURANCE_TYPE, INSURANCE_COMPANY) VALUES ('9408968939', 'Зеленая карта', 'Ренессанс Страхование');
INSERT INTO INSURANCES (INSURANCE_NUMBER, INSURANCE_TYPE, INSURANCE_COMPANY) VALUES ('7190954248', 'ДСАГО', 'РОСНО');
INSERT INTO INSURANCES (INSURANCE_NUMBER, INSURANCE_TYPE, INSURANCE_COMPANY) VALUES ('9299525727', 'Зеленая карта', 'АльфаСтрахование');
INSERT INTO INSURANCES (INSURANCE_NUMBER, INSURANCE_TYPE, INSURANCE_COMPANY) VALUES ('8804252856', 'Зеленая карта', 'Югория');
INSERT INTO INSURANCES (INSURANCE_NUMBER, INSURANCE_TYPE, INSURANCE_COMPANY) VALUES ('0288913574', 'ОСАГО', 'Страховая группа МСК');
INSERT INTO INSURANCES (INSURANCE_NUMBER, INSURANCE_TYPE, INSURANCE_COMPANY) VALUES ('3647239671', 'ДСАГО', 'АльфаСтрахование');
INSERT INTO INSURANCES (INSURANCE_NUMBER, INSURANCE_TYPE, INSURANCE_COMPANY) VALUES ('7908110959', 'Зеленая карта', 'Ренессанс Страхование');
INSERT INTO INSURANCES (INSURANCE_NUMBER, INSURANCE_TYPE, INSURANCE_COMPANY) VALUES ('4669099057', 'ДСАГО', 'Согласие');
INSERT INTO INSURANCES (INSURANCE_NUMBER, INSURANCE_TYPE, INSURANCE_COMPANY) VALUES ('3699534886', 'ДСАГО', 'МАКС');
INSERT INTO INSURANCES (INSURANCE_NUMBER, INSURANCE_TYPE, INSURANCE_COMPANY) VALUES ('1582110295', 'ОСАГО', 'Алико');
INSERT INTO INSURANCES (INSURANCE_NUMBER, INSURANCE_TYPE, INSURANCE_COMPANY) VALUES ('4254910453', 'ОСАГО', 'Уралсиб');
INSERT INTO INSURANCES (INSURANCE_NUMBER, INSURANCE_TYPE, INSURANCE_COMPANY) VALUES ('1641893112', 'Зеленая карта', 'Согласие');
INSERT INTO INSURANCES (INSURANCE_NUMBER, INSURANCE_TYPE, INSURANCE_COMPANY) VALUES ('9997207639', 'ДСАГО', 'Цюрих');
INSERT INTO INSURANCES (INSURANCE_NUMBER, INSURANCE_TYPE, INSURANCE_COMPANY) VALUES ('3085565740', 'КАСКО', 'Алико');
INSERT INTO INSURANCES (INSURANCE_NUMBER, INSURANCE_TYPE, INSURANCE_COMPANY) VALUES ('4890612920', 'КАСКО', 'Уралсиб');
INSERT INTO INSURANCES (INSURANCE_NUMBER, INSURANCE_TYPE, INSURANCE_COMPANY) VALUES ('3942459367', 'Зеленая карта', 'Русский Стандарт Страхование');
INSERT INTO INSURANCES (INSURANCE_NUMBER, INSURANCE_TYPE, INSURANCE_COMPANY) VALUES ('0871637276', 'ОСАГО', 'Русский Стандарт Страхование');
INSERT INTO INSURANCES (INSURANCE_NUMBER, INSURANCE_TYPE, INSURANCE_COMPANY) VALUES ('7053586414', 'КАСКО', 'Алико');
INSERT INTO INSURANCES (INSURANCE_NUMBER, INSURANCE_TYPE, INSURANCE_COMPANY) VALUES ('1280285396', 'Зеленая карта', 'Алико');
INSERT INTO INSURANCES (INSURANCE_NUMBER, INSURANCE_TYPE, INSURANCE_COMPANY) VALUES ('3399211272', 'ДСАГО', 'Югория');

/******************************************************************************/
/***                   Заполнение таблицы CLIENTS                           ***/
/******************************************************************************/

INSERT INTO CLIENTS (CLIENT_ID, LAST_NAME, FIRST_NAME, PATRONYMIC, BIRTHDATE, PASSPORT_NUMBER, ADDRESS, TELEPHONE, EMAIL) VALUES (43, 'Новиков', 'Александр ', 'Вячеславович', '1975-07-09 00:00:00', '0947281530 ', 'ул. Большая Дмитровка, д. 15, кв.5', '45592294555 ', 'dneriuzequ');
INSERT INTO CLIENTS (CLIENT_ID, LAST_NAME, FIRST_NAME, PATRONYMIC, BIRTHDATE, PASSPORT_NUMBER, ADDRESS, TELEPHONE, EMAIL) VALUES (48, 'Волков', 'Дмитрий ', 'Васильевич', '1959-05-18 00:00:00', '1544706109 ', 'ул. 2-я Бауманская, д. 3, кв.12', '76301785241 ', 'yddxcpmtyk');
INSERT INTO CLIENTS (CLIENT_ID, LAST_NAME, FIRST_NAME, PATRONYMIC, BIRTHDATE, PASSPORT_NUMBER, ADDRESS, TELEPHONE, EMAIL) VALUES (96, 'Михайлов', 'Вячеслав ', 'Феликсович', '1953-10-30 00:00:00', '4262943141 ', 'ул. Ильинка, д. 12, кв.67', '56010786181 ', 'eaoicofgky');
INSERT INTO CLIENTS (CLIENT_ID, LAST_NAME, FIRST_NAME, PATRONYMIC, BIRTHDATE, PASSPORT_NUMBER, ADDRESS, TELEPHONE, EMAIL) VALUES (98, 'Орлов', 'Пётр', 'Сергеевич', '1979-01-04 00:00:00', '9382011812 ', 'ул. Большая Дмитровка, д. 15, кв.5', '97678280244 ', 'vzwtrkhyje');
INSERT INTO CLIENTS (CLIENT_ID, LAST_NAME, FIRST_NAME, PATRONYMIC, BIRTHDATE, PASSPORT_NUMBER, ADDRESS, TELEPHONE, EMAIL) VALUES (78, 'Кудрявцев', 'Михаил ', 'Данилович    ', '1984-05-21 00:00:00', '3426427123 ', 'ул. Большая Пироговская, д. 17, кв.10', '05195096551 ', 'lpbhirrjcy');
INSERT INTO CLIENTS (CLIENT_ID, LAST_NAME, FIRST_NAME, PATRONYMIC, BIRTHDATE, PASSPORT_NUMBER, ADDRESS, TELEPHONE, EMAIL) VALUES (70, 'Воробьёв', 'Александр ', 'Владимирович', '1994-11-29 00:00:00', '3099806981 ', 'Заневский пр., д. 36, кв.45', '85793332925 ', 'hzclxfyrfw');
INSERT INTO CLIENTS (CLIENT_ID, LAST_NAME, FIRST_NAME, PATRONYMIC, BIRTHDATE, PASSPORT_NUMBER, ADDRESS, TELEPHONE, EMAIL) VALUES (65, 'Козлов', 'Валентин ', 'Данилович    ', '1954-02-03 00:00:00', '1357727730 ', 'ул. Большая Пироговская, д. 17, кв.10', '22844257118 ', 'yxkshlkmgf');
INSERT INTO CLIENTS (CLIENT_ID, LAST_NAME, FIRST_NAME, PATRONYMIC, BIRTHDATE, PASSPORT_NUMBER, ADDRESS, TELEPHONE, EMAIL) VALUES (88, 'Кудрявцев', 'Николай ', 'Валентинович', '1952-06-09 00:00:00', '9875811323 ', 'ул. Речная, д. 1, кв.34', '70444396153 ', 'frjsomvuel');
INSERT INTO CLIENTS (CLIENT_ID, LAST_NAME, FIRST_NAME, PATRONYMIC, BIRTHDATE, PASSPORT_NUMBER, ADDRESS, TELEPHONE, EMAIL) VALUES (71, 'Михайлов', 'Михаил ', 'Георгиевич', '1951-01-30 00:00:00', '8313669680 ', 'ул. Большая Пироговская, д. 17, кв.10', '28689662394 ', 'ubwrofmtlc');
INSERT INTO CLIENTS (CLIENT_ID, LAST_NAME, FIRST_NAME, PATRONYMIC, BIRTHDATE, PASSPORT_NUMBER, ADDRESS, TELEPHONE, EMAIL) VALUES (36, 'Новиков', 'Константин ', 'Борисович', '1977-01-15 00:00:00', '3688533740 ', 'ул. Мичурина, д.58, кв.73', '49575221372 ', 'topuhsvleg');
INSERT INTO CLIENTS (CLIENT_ID, LAST_NAME, FIRST_NAME, PATRONYMIC, BIRTHDATE, PASSPORT_NUMBER, ADDRESS, TELEPHONE, EMAIL) VALUES (51, 'Романов', 'Захар ', 'Дмитриевич', '1955-02-13 00:00:00', '4434815346 ', 'ул. Алеутская, д. 10а, кв.5', '80698445294 ', 'sqgpfzfgsh');
INSERT INTO CLIENTS (CLIENT_ID, LAST_NAME, FIRST_NAME, PATRONYMIC, BIRTHDATE, PASSPORT_NUMBER, ADDRESS, TELEPHONE, EMAIL) VALUES (42, 'Михайлов', 'Николай ', 'Федорович', '1952-06-27 00:00:00', '2271610245 ', 'ул. Ильинка, д. 12, кв.67', '94687801313 ', 'afhilabnth');
INSERT INTO CLIENTS (CLIENT_ID, LAST_NAME, FIRST_NAME, PATRONYMIC, BIRTHDATE, PASSPORT_NUMBER, ADDRESS, TELEPHONE, EMAIL) VALUES (44, 'Алексеев', 'Максим ', 'Феликсович', '1987-05-09 00:00:00', '8034306845 ', 'ул. Мичурина, д.58, кв.73', '65909014925 ', 'jdatgtvlqs');
INSERT INTO CLIENTS (CLIENT_ID, LAST_NAME, FIRST_NAME, PATRONYMIC, BIRTHDATE, PASSPORT_NUMBER, ADDRESS, TELEPHONE, EMAIL) VALUES (56, 'Баранов', 'Владимир ', 'Степанович', '1983-01-04 00:00:00', '1836168171 ', 'ул. Выборгская, д. 3, корп. 2, кв.43', '34952007035 ', 'rztoatfddy');
INSERT INTO CLIENTS (CLIENT_ID, LAST_NAME, FIRST_NAME, PATRONYMIC, BIRTHDATE, PASSPORT_NUMBER, ADDRESS, TELEPHONE, EMAIL) VALUES (29, 'Лебедев', 'Егор ', 'Аркадьевич', '1965-03-27 00:00:00', '2367595218 ', 'ул. Адмирала Макарова, д. 29, кв.98', '43578334362 ', 'vyppmaglog');
INSERT INTO CLIENTS (CLIENT_ID, LAST_NAME, FIRST_NAME, PATRONYMIC, BIRTHDATE, PASSPORT_NUMBER, ADDRESS, TELEPHONE, EMAIL) VALUES (52, 'Фёдоров', 'Арсений ', 'Данилович    ', '1968-08-05 00:00:00', '1310695916 ', 'ул. Большая Пироговская, д. 17, кв.10', '95218900509 ', 'qufirqtqeq');
INSERT INTO CLIENTS (CLIENT_ID, LAST_NAME, FIRST_NAME, PATRONYMIC, BIRTHDATE, PASSPORT_NUMBER, ADDRESS, TELEPHONE, EMAIL) VALUES (91, 'Васильев', 'Глеб ', 'Анатольевич', '1953-08-05 00:00:00', '3436993620 ', 'ул. Мичурина, д.58, кв.73', '46977080591 ', 'mcbpdgsogw');
INSERT INTO CLIENTS (CLIENT_ID, LAST_NAME, FIRST_NAME, PATRONYMIC, BIRTHDATE, PASSPORT_NUMBER, ADDRESS, TELEPHONE, EMAIL) VALUES (53, 'Петров', 'Анатолий ', 'Степанович', '1969-01-26 00:00:00', '7414476929 ', 'Заневский пр., д. 36, кв.45', '81876458873 ', 'atllybvnhz');
INSERT INTO CLIENTS (CLIENT_ID, LAST_NAME, FIRST_NAME, PATRONYMIC, BIRTHDATE, PASSPORT_NUMBER, ADDRESS, TELEPHONE, EMAIL) VALUES (57, 'Соколов', 'Пётр', 'Владимирович', '1969-04-12 00:00:00', '7571892026 ', 'ул. Большая Пироговская, д. 17, кв.10', '82060126189 ', 'ravhelsnyz');
INSERT INTO CLIENTS (CLIENT_ID, LAST_NAME, FIRST_NAME, PATRONYMIC, BIRTHDATE, PASSPORT_NUMBER, ADDRESS, TELEPHONE, EMAIL) VALUES (26, 'Сорокин', 'Игорь', 'Сергеевич', '1960-01-22 00:00:00', '5149265114 ', 'ул. Алеутская, д. 10а, кв.5', '80130413818 ', 'aifyzevsod');
INSERT INTO CLIENTS (CLIENT_ID, LAST_NAME, FIRST_NAME, PATRONYMIC, BIRTHDATE, PASSPORT_NUMBER, ADDRESS, TELEPHONE, EMAIL) VALUES (18, 'Королёв', 'Владимир ', 'Вячеславович', '1979-01-19 00:00:00', '1887496466 ', 'ул. Адмирала Макарова, д. 29, кв.98', '58796415446 ', 'hergfvtfdm');
INSERT INTO CLIENTS (CLIENT_ID, LAST_NAME, FIRST_NAME, PATRONYMIC, BIRTHDATE, PASSPORT_NUMBER, ADDRESS, TELEPHONE, EMAIL) VALUES (83, 'Соловьёв', 'Валерий ', 'Викторович', '1955-01-02 00:00:00', '1538620894 ', 'ул. Большая Дмитровка, д. 15, кв.5', '85885595219 ', 'wmyvsvjgbq');
INSERT INTO CLIENTS (CLIENT_ID, LAST_NAME, FIRST_NAME, PATRONYMIC, BIRTHDATE, PASSPORT_NUMBER, ADDRESS, TELEPHONE, EMAIL) VALUES (54, 'Ильин', 'Максим ', 'Валерьевич', '1986-02-06 00:00:00', '4186431572 ', 'ул. Ильинка, д. 12, кв.67', '80592612113 ', 'cwcibedqfx');
INSERT INTO CLIENTS (CLIENT_ID, LAST_NAME, FIRST_NAME, PATRONYMIC, BIRTHDATE, PASSPORT_NUMBER, ADDRESS, TELEPHONE, EMAIL) VALUES (25, 'Лебедев', 'Георгий ', 'Борисович', '1982-03-27 00:00:00', '1940577156 ', 'ул. Адмирала Макарова, д. 29, кв.98', '96395924815 ', 'poplshgaev');
INSERT INTO CLIENTS (CLIENT_ID, LAST_NAME, FIRST_NAME, PATRONYMIC, BIRTHDATE, PASSPORT_NUMBER, ADDRESS, TELEPHONE, EMAIL) VALUES (60, 'Воробьёв', 'Максим ', 'Борисович', '1957-11-23 00:00:00', '7370881153 ', 'ул. Выборгская, д. 3, корп. 2, кв.43', '56638467603 ', 'ymbamlzotj');
INSERT INTO CLIENTS (CLIENT_ID, LAST_NAME, FIRST_NAME, PATRONYMIC, BIRTHDATE, PASSPORT_NUMBER, ADDRESS, TELEPHONE, EMAIL) VALUES (55, 'Киселёв', 'Давид ', 'Семенович', '1976-08-12 00:00:00', '8022939255 ', 'ул. Речная, д. 1, кв.34', '32494926458 ', 'mzupqmfarq');
INSERT INTO CLIENTS (CLIENT_ID, LAST_NAME, FIRST_NAME, PATRONYMIC, BIRTHDATE, PASSPORT_NUMBER, ADDRESS, TELEPHONE, EMAIL) VALUES (68, 'Титов', 'Владимир ', 'Степанович', '1970-03-23 00:00:00', '9541198453 ', 'ул. Большая Пироговская, д. 17, кв.10', '59833686553 ', 'wbqybatdub');
INSERT INTO CLIENTS (CLIENT_ID, LAST_NAME, FIRST_NAME, PATRONYMIC, BIRTHDATE, PASSPORT_NUMBER, ADDRESS, TELEPHONE, EMAIL) VALUES (74, 'Романов', 'Григорий ', 'Валерьевич', '1953-06-18 00:00:00', '4018048869 ', 'ул. Большая Дмитровка, д. 15, кв.5', '11316353861 ', 'kkfdnzrcai');
INSERT INTO CLIENTS (CLIENT_ID, LAST_NAME, FIRST_NAME, PATRONYMIC, BIRTHDATE, PASSPORT_NUMBER, ADDRESS, TELEPHONE, EMAIL) VALUES (34, 'Богданов', 'Андрей ', 'Федорович', '1992-12-16 00:00:00', '9895154856 ', 'ул. Мичурина, д.58, кв.73', '22139126705 ', 'ndimfdfhvj');
INSERT INTO CLIENTS (CLIENT_ID, LAST_NAME, FIRST_NAME, PATRONYMIC, BIRTHDATE, PASSPORT_NUMBER, ADDRESS, TELEPHONE, EMAIL) VALUES (58, 'Гусев', 'Максим ', 'Владимирович', '1959-11-12 00:00:00', '7473622553 ', 'ул. Большая Дмитровка, д. 15, кв.5', '05815835436 ', 'zfvipdpgyw');
INSERT INTO CLIENTS (CLIENT_ID, LAST_NAME, FIRST_NAME, PATRONYMIC, BIRTHDATE, PASSPORT_NUMBER, ADDRESS, TELEPHONE, EMAIL) VALUES (95, 'Морозов', 'Георгий ', 'Семенович', '1976-11-11 00:00:00', '2635269808 ', 'Заневский пр., д. 36, кв.45', '01993173626 ', 'jtclcaodyx');
INSERT INTO CLIENTS (CLIENT_ID, LAST_NAME, FIRST_NAME, PATRONYMIC, BIRTHDATE, PASSPORT_NUMBER, ADDRESS, TELEPHONE, EMAIL) VALUES (66, 'Титов', 'Виталий ', 'Станиславович', '1963-04-24 00:00:00', '6549302922 ', 'ул. Профсоюзная, д. 82, кв.90', '14075949601 ', 'bsrwwmxtzx');
INSERT INTO CLIENTS (CLIENT_ID, LAST_NAME, FIRST_NAME, PATRONYMIC, BIRTHDATE, PASSPORT_NUMBER, ADDRESS, TELEPHONE, EMAIL) VALUES (46, 'Захаров', 'Евгений ', 'Богданович', '1956-11-27 00:00:00', '3674377775 ', 'Заневский пр., д. 36, кв.45', '79269529459 ', 'cvorwglltv');
INSERT INTO CLIENTS (CLIENT_ID, LAST_NAME, FIRST_NAME, PATRONYMIC, BIRTHDATE, PASSPORT_NUMBER, ADDRESS, TELEPHONE, EMAIL) VALUES (35, 'Королёв', 'Илья ', 'Валентинович', '1972-01-05 00:00:00', '1880732868 ', 'ул. 2-я Бауманская, д. 3, кв.12', '19012090783 ', 'yhlyfmnhiy');
INSERT INTO CLIENTS (CLIENT_ID, LAST_NAME, FIRST_NAME, PATRONYMIC, BIRTHDATE, PASSPORT_NUMBER, ADDRESS, TELEPHONE, EMAIL) VALUES (14, 'Тарасов', 'Аркадий ', 'Станиславович', '1966-02-20 00:00:00', '1095777401 ', 'ул. Выборгская, д. 3, корп. 2, кв.43', '30372139095 ', 'xrcgkjrlnk');
INSERT INTO CLIENTS (CLIENT_ID, LAST_NAME, FIRST_NAME, PATRONYMIC, BIRTHDATE, PASSPORT_NUMBER, ADDRESS, TELEPHONE, EMAIL) VALUES (8, 'Павлов', 'Богдан ', 'Семенович', '1972-09-10 00:00:00', '4771403144 ', 'ул. Речная, д. 1, кв.34', '31972516377 ', 'xjazqgrhmf');
INSERT INTO CLIENTS (CLIENT_ID, LAST_NAME, FIRST_NAME, PATRONYMIC, BIRTHDATE, PASSPORT_NUMBER, ADDRESS, TELEPHONE, EMAIL) VALUES (16, 'Сорокин', 'Аркадий ', 'Алексеевич', '1957-03-14 00:00:00', '4331248523 ', 'ул. Профсоюзная, д. 82, кв.90', '31195305751 ', 'bvlfpovaun');
INSERT INTO CLIENTS (CLIENT_ID, LAST_NAME, FIRST_NAME, PATRONYMIC, BIRTHDATE, PASSPORT_NUMBER, ADDRESS, TELEPHONE, EMAIL) VALUES (72, 'Попов', 'Егор ', 'Богданович', '1987-08-29 00:00:00', '8819284856 ', 'ул. Профсоюзная, д. 82, кв.90', '47653018462 ', 'ybpedvmfhk');
INSERT INTO CLIENTS (CLIENT_ID, LAST_NAME, FIRST_NAME, PATRONYMIC, BIRTHDATE, PASSPORT_NUMBER, ADDRESS, TELEPHONE, EMAIL) VALUES (85, 'Попов', 'Егор ', 'Алексеевич', '1959-10-25 00:00:00', '2987835888 ', 'ул. Речная, д. 1, кв.34', '21483965779 ', 'cekgvtftqn');
INSERT INTO CLIENTS (CLIENT_ID, LAST_NAME, FIRST_NAME, PATRONYMIC, BIRTHDATE, PASSPORT_NUMBER, ADDRESS, TELEPHONE, EMAIL) VALUES (81, 'Семёнов', 'Василий ', 'Данилович    ', '1987-08-05 00:00:00', '0935851840 ', 'ул. 2-я Бауманская, д. 3, кв.12', '46232037273 ', 'meibapoxjy');
INSERT INTO CLIENTS (CLIENT_ID, LAST_NAME, FIRST_NAME, PATRONYMIC, BIRTHDATE, PASSPORT_NUMBER, ADDRESS, TELEPHONE, EMAIL) VALUES (69, 'Королёв', 'Георгий ', 'Вячеславович', '1978-04-12 00:00:00', '7939561901 ', 'ул. Большая Дмитровка, д. 15, кв.5', '34649018346 ', 'wnuqcpcuxz');
INSERT INTO CLIENTS (CLIENT_ID, LAST_NAME, FIRST_NAME, PATRONYMIC, BIRTHDATE, PASSPORT_NUMBER, ADDRESS, TELEPHONE, EMAIL) VALUES (92, 'Павлов', 'Михаил ', 'Семенович', '1969-01-16 00:00:00', '0530776838 ', 'ул. Мичурина, д.58, кв.73', '88733483872 ', 'qpnaeiqgvt');
INSERT INTO CLIENTS (CLIENT_ID, LAST_NAME, FIRST_NAME, PATRONYMIC, BIRTHDATE, PASSPORT_NUMBER, ADDRESS, TELEPHONE, EMAIL) VALUES (28, 'Смирнов', 'Денис ', 'Григорьевич', '1978-12-29 00:00:00', '3940375425 ', 'ул. Алеутская, д. 10а, кв.5', '07602355125 ', 'uqkbdfavxq');
INSERT INTO CLIENTS (CLIENT_ID, LAST_NAME, FIRST_NAME, PATRONYMIC, BIRTHDATE, PASSPORT_NUMBER, ADDRESS, TELEPHONE, EMAIL) VALUES (49, 'Борисов', 'Евгений ', 'Григорьевич', '1960-07-04 00:00:00', '6820731394 ', 'ул. Профсоюзная, д. 82, кв.90', '47689646511 ', 'esdhkxnywg');
INSERT INTO CLIENTS (CLIENT_ID, LAST_NAME, FIRST_NAME, PATRONYMIC, BIRTHDATE, PASSPORT_NUMBER, ADDRESS, TELEPHONE, EMAIL) VALUES (19, 'Романов', 'Кирилл ', 'Анатольевич', '1963-05-09 00:00:00', '7460224873 ', 'Заневский пр., д. 36, кв.45', '62871022662 ', 'jtfrjrrccs');
INSERT INTO CLIENTS (CLIENT_ID, LAST_NAME, FIRST_NAME, PATRONYMIC, BIRTHDATE, PASSPORT_NUMBER, ADDRESS, TELEPHONE, EMAIL) VALUES (3, 'Комаров', 'Назар ', 'Феликсович', '1986-11-25 00:00:00', '7837693858 ', 'ул. Миллионная, д. 36, кв.76', '33959107931 ', 'jgqpuytcqz');
INSERT INTO CLIENTS (CLIENT_ID, LAST_NAME, FIRST_NAME, PATRONYMIC, BIRTHDATE, PASSPORT_NUMBER, ADDRESS, TELEPHONE, EMAIL) VALUES (15, 'Воробьёв', 'Глеб ', 'Алексеевич', '1980-04-14 00:00:00', '0499646738 ', 'ул. Адмирала Макарова, д. 29, кв.98', '78168425565 ', 'myhsyxxvsx');
INSERT INTO CLIENTS (CLIENT_ID, LAST_NAME, FIRST_NAME, PATRONYMIC, BIRTHDATE, PASSPORT_NUMBER, ADDRESS, TELEPHONE, EMAIL) VALUES (50, 'Виноградов', 'Герман ', 'Анатольевич', '1969-03-28 00:00:00', '7872517420 ', 'ул. 2-я Бауманская, д. 3, кв.12', '08592914846 ', 'kqebfugpym');
INSERT INTO CLIENTS (CLIENT_ID, LAST_NAME, FIRST_NAME, PATRONYMIC, BIRTHDATE, PASSPORT_NUMBER, ADDRESS, TELEPHONE, EMAIL) VALUES (89, 'Макаров', 'Виталий ', 'Васильевич', '1953-06-22 00:00:00', '7408413121 ', 'ул. Профсоюзная, д. 82, кв.90', '99540749389 ', 'gogkolqhpi');
INSERT INTO CLIENTS (CLIENT_ID, LAST_NAME, FIRST_NAME, PATRONYMIC, BIRTHDATE, PASSPORT_NUMBER, ADDRESS, TELEPHONE, EMAIL) VALUES (33, 'Семёнов', 'Пётр', 'Феликсович', '1992-07-09 00:00:00', '2025390216 ', 'ул. Алеутская, д. 10а, кв.5', '17401570076 ', 'ddlymprmws');
INSERT INTO CLIENTS (CLIENT_ID, LAST_NAME, FIRST_NAME, PATRONYMIC, BIRTHDATE, PASSPORT_NUMBER, ADDRESS, TELEPHONE, EMAIL) VALUES (61, 'Кудрявцев', 'Василий ', 'Федорович', '1960-05-16 00:00:00', '2931962062 ', 'ул. Алеутская, д. 10а, кв.5', '53853031902 ', 'mniipcqwot');
INSERT INTO CLIENTS (CLIENT_ID, LAST_NAME, FIRST_NAME, PATRONYMIC, BIRTHDATE, PASSPORT_NUMBER, ADDRESS, TELEPHONE, EMAIL) VALUES (6, 'Захаров', 'Иван ', 'Аркадьевич', '1990-06-08 00:00:00', '3317161360 ', 'ул. Профсоюзная, д. 82, кв.90', '59930957641 ', 'uevwjarsgc');
INSERT INTO CLIENTS (CLIENT_ID, LAST_NAME, FIRST_NAME, PATRONYMIC, BIRTHDATE, PASSPORT_NUMBER, ADDRESS, TELEPHONE, EMAIL) VALUES (62, 'Орлов', 'Вячеслав ', 'Васильевич', '1954-01-25 00:00:00', '4366462248 ', 'ул. Ильинка, д. 12, кв.67', '77322345762 ', 'peoihhjvlx');
INSERT INTO CLIENTS (CLIENT_ID, LAST_NAME, FIRST_NAME, PATRONYMIC, BIRTHDATE, PASSPORT_NUMBER, ADDRESS, TELEPHONE, EMAIL) VALUES (87, 'Зайцев', 'Владимир ', 'Борисович', '1954-04-27 00:00:00', '7015651901 ', 'ул. Мичурина, д.58, кв.73', '46073577227 ', 'waswqmhdga');
INSERT INTO CLIENTS (CLIENT_ID, LAST_NAME, FIRST_NAME, PATRONYMIC, BIRTHDATE, PASSPORT_NUMBER, ADDRESS, TELEPHONE, EMAIL) VALUES (1, 'Тарасов', 'Артём ', 'Феликсович', '1985-04-12 00:00:00', '7896814171 ', 'ул. Выборгская, д. 3, корп. 2, кв.43', '33556330023 ', 'kxdzwloobr');
INSERT INTO CLIENTS (CLIENT_ID, LAST_NAME, FIRST_NAME, PATRONYMIC, BIRTHDATE, PASSPORT_NUMBER, ADDRESS, TELEPHONE, EMAIL) VALUES (97, 'Тарасов', 'Артур ', 'Филиппович', '1978-10-21 00:00:00', '2767896068 ', 'ул. Ильинка, д. 12, кв.67', '92589321469 ', 'agyrqjdamd');
INSERT INTO CLIENTS (CLIENT_ID, LAST_NAME, FIRST_NAME, PATRONYMIC, BIRTHDATE, PASSPORT_NUMBER, ADDRESS, TELEPHONE, EMAIL) VALUES (39, 'Лебедев', 'Виталий ', 'Данилович    ', '1961-02-25 00:00:00', '2049772748 ', 'ул. Адмирала Макарова, д. 29, кв.98', '55600510130 ', 'mvxranwbif');
INSERT INTO CLIENTS (CLIENT_ID, LAST_NAME, FIRST_NAME, PATRONYMIC, BIRTHDATE, PASSPORT_NUMBER, ADDRESS, TELEPHONE, EMAIL) VALUES (45, 'Тарасов', 'Василий ', 'Феликсович', '1979-05-13 00:00:00', '3012215869 ', 'ул. Алеутская, д. 10а, кв.5', '89923757185 ', 'aamivervjg');
INSERT INTO CLIENTS (CLIENT_ID, LAST_NAME, FIRST_NAME, PATRONYMIC, BIRTHDATE, PASSPORT_NUMBER, ADDRESS, TELEPHONE, EMAIL) VALUES (73, 'Попов', 'Вячеслав ', 'Валентинович', '1979-06-23 00:00:00', '0985668461 ', 'ул. Мичурина, д.58, кв.73', '32010131916 ', 'kznuzucqcn');
INSERT INTO CLIENTS (CLIENT_ID, LAST_NAME, FIRST_NAME, PATRONYMIC, BIRTHDATE, PASSPORT_NUMBER, ADDRESS, TELEPHONE, EMAIL) VALUES (75, 'Борисов', 'Артём ', 'Валерьевич', '1957-04-29 00:00:00', '3476789667 ', 'ул. Большая Пироговская, д. 17, кв.10', '74771643604 ', 'zxadpbtwhs');
INSERT INTO CLIENTS (CLIENT_ID, LAST_NAME, FIRST_NAME, PATRONYMIC, BIRTHDATE, PASSPORT_NUMBER, ADDRESS, TELEPHONE, EMAIL) VALUES (9, 'Смирнов', 'Леонид ', 'Генадиевич', '1962-10-05 00:00:00', '4739415986 ', 'ул. Алеутская, д. 10а, кв.5', '13862886867 ', 'gvjvymitzs');
INSERT INTO CLIENTS (CLIENT_ID, LAST_NAME, FIRST_NAME, PATRONYMIC, BIRTHDATE, PASSPORT_NUMBER, ADDRESS, TELEPHONE, EMAIL) VALUES (13, 'Беляев', 'Валерий ', 'Анатольевич', '1979-06-12 00:00:00', '4423699135 ', 'ул. Речная, д. 1, кв.34', '77670253239 ', 'arfaeitcqf');
INSERT INTO CLIENTS (CLIENT_ID, LAST_NAME, FIRST_NAME, PATRONYMIC, BIRTHDATE, PASSPORT_NUMBER, ADDRESS, TELEPHONE, EMAIL) VALUES (79, 'Григорьев', 'Никита ', 'Анатольевич', '1954-10-30 00:00:00', '0372707666 ', 'ул. Большая Пироговская, д. 17, кв.10', '65173702407 ', 'fmlmhlrlpq');
INSERT INTO CLIENTS (CLIENT_ID, LAST_NAME, FIRST_NAME, PATRONYMIC, BIRTHDATE, PASSPORT_NUMBER, ADDRESS, TELEPHONE, EMAIL) VALUES (77, 'Смирнов', 'Георгий ', 'Аркадьевич', '1980-12-09 00:00:00', '8006846454 ', 'ул. Выборгская, д. 3, корп. 2, кв.43', '07961901226 ', 'mluedbjuxm');
INSERT INTO CLIENTS (CLIENT_ID, LAST_NAME, FIRST_NAME, PATRONYMIC, BIRTHDATE, PASSPORT_NUMBER, ADDRESS, TELEPHONE, EMAIL) VALUES (38, 'Козлов', 'Геннадий ', 'Семенович', '1983-05-24 00:00:00', '3586518873 ', 'ул. Ильинка, д. 12, кв.67', '04531174417 ', 'axgigixjzs');
INSERT INTO CLIENTS (CLIENT_ID, LAST_NAME, FIRST_NAME, PATRONYMIC, BIRTHDATE, PASSPORT_NUMBER, ADDRESS, TELEPHONE, EMAIL) VALUES (90, 'Яковлев', 'Марат ', 'Григорьевич', '1982-05-27 00:00:00', '6923372581 ', 'ул. Выборгская, д. 3, корп. 2, кв.43', '49151279144 ', 'absbjizxkv');
INSERT INTO CLIENTS (CLIENT_ID, LAST_NAME, FIRST_NAME, PATRONYMIC, BIRTHDATE, PASSPORT_NUMBER, ADDRESS, TELEPHONE, EMAIL) VALUES (59, 'Ильин', 'Дмитрий ', 'Валентинович', '1961-04-25 00:00:00', '7546641877 ', 'ул. 2-я Бауманская, д. 3, кв.12', '09462399184 ', 'vbyggpkywh');
INSERT INTO CLIENTS (CLIENT_ID, LAST_NAME, FIRST_NAME, PATRONYMIC, BIRTHDATE, PASSPORT_NUMBER, ADDRESS, TELEPHONE, EMAIL) VALUES (63, 'Петров', 'Альберт ', 'Андреевич', '1958-05-15 00:00:00', '7453065004 ', 'ул. 2-я Бауманская, д. 3, кв.12', '27142716157 ', 'mbirzkfkhm');
INSERT INTO CLIENTS (CLIENT_ID, LAST_NAME, FIRST_NAME, PATRONYMIC, BIRTHDATE, PASSPORT_NUMBER, ADDRESS, TELEPHONE, EMAIL) VALUES (12, 'Алексеев', 'Алексей ', 'Данилович    ', '1980-04-17 00:00:00', '3526122580 ', 'ул. Профсоюзная, д. 82, кв.90', '90296961051 ', 'zglmpyktjw');
INSERT INTO CLIENTS (CLIENT_ID, LAST_NAME, FIRST_NAME, PATRONYMIC, BIRTHDATE, PASSPORT_NUMBER, ADDRESS, TELEPHONE, EMAIL) VALUES (4, 'Зайцев', 'Борис ', 'Васильевич', '1955-10-08 00:00:00', '0807066118 ', 'ул. Речная, д. 1, кв.34', '81520301139 ', 'lgaeygaikh');
INSERT INTO CLIENTS (CLIENT_ID, LAST_NAME, FIRST_NAME, PATRONYMIC, BIRTHDATE, PASSPORT_NUMBER, ADDRESS, TELEPHONE, EMAIL) VALUES (20, 'Герасимов', 'Иван ', 'Антонович', '1956-08-01 00:00:00', '8621749070 ', 'ул. Алеутская, д. 10а, кв.5', '07314949454 ', 'nexynhhouz');
INSERT INTO CLIENTS (CLIENT_ID, LAST_NAME, FIRST_NAME, PATRONYMIC, BIRTHDATE, PASSPORT_NUMBER, ADDRESS, TELEPHONE, EMAIL) VALUES (5, 'Сергеев', 'Валентин ', 'Валерьевич', '1955-12-30 00:00:00', '6781857479 ', 'ул. Большая Дмитровка, д. 15, кв.5', '47062884440 ', 'eiynaybgks');
INSERT INTO CLIENTS (CLIENT_ID, LAST_NAME, FIRST_NAME, PATRONYMIC, BIRTHDATE, PASSPORT_NUMBER, ADDRESS, TELEPHONE, EMAIL) VALUES (24, 'Баранов', 'Альберт ', 'Васильевич', '1972-05-06 00:00:00', '9097586054 ', 'ул. Выборгская, д. 3, корп. 2, кв.43', '82738551016 ', 'xvpccduqhk');
INSERT INTO CLIENTS (CLIENT_ID, LAST_NAME, FIRST_NAME, PATRONYMIC, BIRTHDATE, PASSPORT_NUMBER, ADDRESS, TELEPHONE, EMAIL) VALUES (32, 'Смирнов', 'Валентин ', 'Александрович', '1951-10-11 00:00:00', '5163003310 ', 'ул. 2-я Бауманская, д. 3, кв.12', '04979774607 ', 'kxrnzuupnz');
INSERT INTO CLIENTS (CLIENT_ID, LAST_NAME, FIRST_NAME, PATRONYMIC, BIRTHDATE, PASSPORT_NUMBER, ADDRESS, TELEPHONE, EMAIL) VALUES (101, 'Беляев', 'Марк ', 'Анатольевич', '1974-06-19 00:00:00', '7703329350 ', 'ул. Ильинка, д. 12, кв.67', '43981144392 ', 'qbowqvoubn');
INSERT INTO CLIENTS (CLIENT_ID, LAST_NAME, FIRST_NAME, PATRONYMIC, BIRTHDATE, PASSPORT_NUMBER, ADDRESS, TELEPHONE, EMAIL) VALUES (7, 'Сергеев', 'Альберт ', 'Степанович', '1950-02-22 00:00:00', '2638631343 ', 'ул. 2-я Бауманская, д. 3, кв.12', '87222774796 ', 'gkdkleuddz');
INSERT INTO CLIENTS (CLIENT_ID, LAST_NAME, FIRST_NAME, PATRONYMIC, BIRTHDATE, PASSPORT_NUMBER, ADDRESS, TELEPHONE, EMAIL) VALUES (2, 'Лебедев', 'Егор ', 'Вячеславович', '1980-09-20 00:00:00', '8540219562 ', 'ул. 2-я Бауманская, д. 3, кв.12', '84392563727 ', 'jzoclgzqbn');
INSERT INTO CLIENTS (CLIENT_ID, LAST_NAME, FIRST_NAME, PATRONYMIC, BIRTHDATE, PASSPORT_NUMBER, ADDRESS, TELEPHONE, EMAIL) VALUES (67, 'Пономарёв', 'Артур ', 'Антонович', '1982-08-28 00:00:00', '1265724286 ', 'Заневский пр., д. 36, кв.45', '48468987095 ', 'dpjazyuotr');
INSERT INTO CLIENTS (CLIENT_ID, LAST_NAME, FIRST_NAME, PATRONYMIC, BIRTHDATE, PASSPORT_NUMBER, ADDRESS, TELEPHONE, EMAIL) VALUES (64, 'Козлов', 'Илья ', 'Викторович', '1959-02-08 00:00:00', '9986141737 ', 'ул. Речная, д. 1, кв.34', '67418233787 ', 'ymjtsbsrje');
INSERT INTO CLIENTS (CLIENT_ID, LAST_NAME, FIRST_NAME, PATRONYMIC, BIRTHDATE, PASSPORT_NUMBER, ADDRESS, TELEPHONE, EMAIL) VALUES (76, 'Комаров', 'Евгений ', 'Данилович    ', '1970-12-12 00:00:00', '8199497595 ', 'ул. Большая Дмитровка, д. 15, кв.5', '88592859263 ', 'uncilfhrur');
INSERT INTO CLIENTS (CLIENT_ID, LAST_NAME, FIRST_NAME, PATRONYMIC, BIRTHDATE, PASSPORT_NUMBER, ADDRESS, TELEPHONE, EMAIL) VALUES (23, 'Фёдоров', 'Герман ', 'Андреевич', '1964-05-01 00:00:00', '4304338680 ', 'ул. Миллионная, д. 36, кв.76', '51572357510 ', 'qjfeboggfd');
INSERT INTO CLIENTS (CLIENT_ID, LAST_NAME, FIRST_NAME, PATRONYMIC, BIRTHDATE, PASSPORT_NUMBER, ADDRESS, TELEPHONE, EMAIL) VALUES (93, 'Соловьёв', 'Леонид ', 'Алексеевич', '1950-03-04 00:00:00', '3094845792 ', 'ул. Алеутская, д. 10а, кв.5', '60340747750 ', 'dzridmxqav');
INSERT INTO CLIENTS (CLIENT_ID, LAST_NAME, FIRST_NAME, PATRONYMIC, BIRTHDATE, PASSPORT_NUMBER, ADDRESS, TELEPHONE, EMAIL) VALUES (31, 'Степанов', 'Виталий ', 'Валентинович', '1984-07-20 00:00:00', '3203562600 ', 'ул. Большая Дмитровка, д. 15, кв.5', '42067158419 ', 'khxcwzzcia');
INSERT INTO CLIENTS (CLIENT_ID, LAST_NAME, FIRST_NAME, PATRONYMIC, BIRTHDATE, PASSPORT_NUMBER, ADDRESS, TELEPHONE, EMAIL) VALUES (84, 'Орлов', 'Анатолий ', 'Вячеславович', '1984-06-03 00:00:00', '5637951666 ', 'ул. Профсоюзная, д. 82, кв.90', '62727607718 ', 'olodxemjlk');
INSERT INTO CLIENTS (CLIENT_ID, LAST_NAME, FIRST_NAME, PATRONYMIC, BIRTHDATE, PASSPORT_NUMBER, ADDRESS, TELEPHONE, EMAIL) VALUES (80, 'Соколов', 'Павел ', 'Александрович', '1990-04-11 00:00:00', '3924279516 ', 'Заневский пр., д. 36, кв.45', '08010881585 ', 'benadhgcbv');
INSERT INTO CLIENTS (CLIENT_ID, LAST_NAME, FIRST_NAME, PATRONYMIC, BIRTHDATE, PASSPORT_NUMBER, ADDRESS, TELEPHONE, EMAIL) VALUES (41, 'Киселёв', 'Назар ', 'Васильевич', '1958-03-27 00:00:00', '8657417433 ', 'ул. Выборгская, д. 3, корп. 2, кв.43', '26991067447 ', 'fowdyvrzqd');
INSERT INTO CLIENTS (CLIENT_ID, LAST_NAME, FIRST_NAME, PATRONYMIC, BIRTHDATE, PASSPORT_NUMBER, ADDRESS, TELEPHONE, EMAIL) VALUES (17, 'Кудрявцев', 'Марк ', 'Феликсович', '1953-09-12 00:00:00', '9672587968 ', 'Заневский пр., д. 36, кв.45', '58989128178 ', 'sysenvwdrl');
INSERT INTO CLIENTS (CLIENT_ID, LAST_NAME, FIRST_NAME, PATRONYMIC, BIRTHDATE, PASSPORT_NUMBER, ADDRESS, TELEPHONE, EMAIL) VALUES (100, 'Михайлов', 'Григорий ', 'Семенович', '1967-12-04 00:00:00', '8729529025 ', 'ул. Ильинка, д. 12, кв.67', '17570157443 ', 'ryhmcnteej');
INSERT INTO CLIENTS (CLIENT_ID, LAST_NAME, FIRST_NAME, PATRONYMIC, BIRTHDATE, PASSPORT_NUMBER, ADDRESS, TELEPHONE, EMAIL) VALUES (40, 'Попов', 'Алексей ', 'Данилович    ', '1986-01-11 00:00:00', '5724344076 ', 'ул. Большая Пироговская, д. 17, кв.10', '37974777402 ', 'chkmzrznkc');
INSERT INTO CLIENTS (CLIENT_ID, LAST_NAME, FIRST_NAME, PATRONYMIC, BIRTHDATE, PASSPORT_NUMBER, ADDRESS, TELEPHONE, EMAIL) VALUES (11, 'Волков', 'Игорь', 'Станиславович', '1964-07-16 00:00:00', '3208029870 ', 'ул. 2-я Бауманская, д. 3, кв.12', '59249572829 ', 'ihoriavlth');
INSERT INTO CLIENTS (CLIENT_ID, LAST_NAME, FIRST_NAME, PATRONYMIC, BIRTHDATE, PASSPORT_NUMBER, ADDRESS, TELEPHONE, EMAIL) VALUES (30, 'Лебедев', 'Пётр', 'Генадиевич', '1966-02-14 00:00:00', '5446349841 ', 'ул. Миллионная, д. 36, кв.76', '08172358806 ', 'rmoscsafrk');
INSERT INTO CLIENTS (CLIENT_ID, LAST_NAME, FIRST_NAME, PATRONYMIC, BIRTHDATE, PASSPORT_NUMBER, ADDRESS, TELEPHONE, EMAIL) VALUES (47, 'Фёдоров', 'Кирилл ', 'Вячеславович', '1994-03-30 00:00:00', '8310208282 ', 'ул. Алеутская, д. 10а, кв.5', '63793468562 ', 'aszpzmskyc');
INSERT INTO CLIENTS (CLIENT_ID, LAST_NAME, FIRST_NAME, PATRONYMIC, BIRTHDATE, PASSPORT_NUMBER, ADDRESS, TELEPHONE, EMAIL) VALUES (22, 'Гусев', 'Михаил ', 'Валерьевич', '1956-07-31 00:00:00', '1166044013 ', 'ул. Мичурина, д.58, кв.73', '42896241570 ', 'nnczewayfa');
INSERT INTO CLIENTS (CLIENT_ID, LAST_NAME, FIRST_NAME, PATRONYMIC, BIRTHDATE, PASSPORT_NUMBER, ADDRESS, TELEPHONE, EMAIL) VALUES (27, 'Виноградов', 'Георгий ', 'Генадиевич', '1974-06-10 00:00:00', '5340268369 ', 'ул. Миллионная, д. 36, кв.76', '12798885112 ', 'klluvbdnmf');
INSERT INTO CLIENTS (CLIENT_ID, LAST_NAME, FIRST_NAME, PATRONYMIC, BIRTHDATE, PASSPORT_NUMBER, ADDRESS, TELEPHONE, EMAIL) VALUES (94, 'Сергеев', 'Валерий ', 'Генадиевич', '1963-12-31 00:00:00', '6826343326 ', 'ул. Адмирала Макарова, д. 29, кв.98', '57429526076 ', 'uiuiqkdecw');
INSERT INTO CLIENTS (CLIENT_ID, LAST_NAME, FIRST_NAME, PATRONYMIC, BIRTHDATE, PASSPORT_NUMBER, ADDRESS, TELEPHONE, EMAIL) VALUES (86, 'Попов', 'Игорь', 'Степанович', '1951-11-04 00:00:00', '4227609951 ', 'ул. 2-я Бауманская, д. 3, кв.12', '31993045002 ', 'tkmlzcaoul');
INSERT INTO CLIENTS (CLIENT_ID, LAST_NAME, FIRST_NAME, PATRONYMIC, BIRTHDATE, PASSPORT_NUMBER, ADDRESS, TELEPHONE, EMAIL) VALUES (37, 'Григорьев', 'Михаил ', 'Федорович', '1974-06-16 00:00:00', '6928724711 ', 'ул. Адмирала Макарова, д. 29, кв.98', '82993675413 ', 'wnlqvbenfo');
INSERT INTO CLIENTS (CLIENT_ID, LAST_NAME, FIRST_NAME, PATRONYMIC, BIRTHDATE, PASSPORT_NUMBER, ADDRESS, TELEPHONE, EMAIL) VALUES (21, 'Васильев', 'Богдан ', 'Сергеевич', '1989-09-04 00:00:00', '7857590842 ', 'ул. Адмирала Макарова, д. 29, кв.98', '68332599159 ', 'dxavuxoojf');
INSERT INTO CLIENTS (CLIENT_ID, LAST_NAME, FIRST_NAME, PATRONYMIC, BIRTHDATE, PASSPORT_NUMBER, ADDRESS, TELEPHONE, EMAIL) VALUES (99, 'Андреев', 'Назар ', 'Владимирович', '1967-06-13 00:00:00', '4313957337 ', 'Заневский пр., д. 36, кв.45', '64274484807 ', 'jgxvivlpyt');
INSERT INTO CLIENTS (CLIENT_ID, LAST_NAME, FIRST_NAME, PATRONYMIC, BIRTHDATE, PASSPORT_NUMBER, ADDRESS, TELEPHONE, EMAIL) VALUES (10, 'Голубев', 'Константин ', 'Степанович', '1950-02-01 00:00:00', '8143468936 ', 'ул. Адмирала Макарова, д. 29, кв.98', '57994354966 ', 'iivzklnveb');


/******************************************************************************/
/***                  Заполнение таблицы PACKAGINGS                         ***/
/******************************************************************************/

INSERT INTO PACKAGINGS (PACKAGING, MODEL, ENGINE_VOLUME, ENGINE_POWER, ENGINE_TYPE, BODY_TYPE, WHEEL_DRIVE, TRANSMISSION, ANTIBS, ASR, ON_BOARD_COMPUTER, RAIN_SENSOR, LIGHT_SENSOR, AIR_CONDITIONING_UNIT, CRUISE_CONTROL, XENON_HEADLAMPS, ALLOY_WHEELS, SUNROOF, MULTIMEDIA, HEATED_MIRRORS, HEATED_SEATS, HEADLIGHT_WASHER, SECURITY_SYSTEM, PARKTRONIC, INTERIOR, POWER_STEERING, CENTRAL_LOCK, POWER_WINDOWS) VALUES ('37210', 'HUNTER', 2949, 207, 'Бензин инжектор', 'Кабриолет', 'Передний', 'Вариатор', '0', '0', '0', '0', '0', 'Климат 3-зонный и выше', '0', '0', '1', '0', 'CD', '0', '1', '0', '1', '1', 'Кожа', 'Гидро', '0', 'Все');
INSERT INTO PACKAGINGS (PACKAGING, MODEL, ENGINE_VOLUME, ENGINE_POWER, ENGINE_TYPE, BODY_TYPE, WHEEL_DRIVE, TRANSMISSION, ANTIBS, ASR, ON_BOARD_COMPUTER, RAIN_SENSOR, LIGHT_SENSOR, AIR_CONDITIONING_UNIT, CRUISE_CONTROL, XENON_HEADLAMPS, ALLOY_WHEELS, SUNROOF, MULTIMEDIA, HEATED_MIRRORS, HEATED_SEATS, HEADLIGHT_WASHER, SECURITY_SYSTEM, PARKTRONIC, INTERIOR, POWER_STEERING, CENTRAL_LOCK, POWER_WINDOWS) VALUES ('08861858', 'CR-V', 1368, 163, 'Дизель', 'Пикап', 'Полный', 'Робот', '0', '0', '1', '1', '0', 'Климат 2-зонный', '0', '1', '0', '1', 'CD+NAVI+TV', '0', '1', '0', '1', '1', 'Велюр', 'Электро', '1', 'Все');
INSERT INTO PACKAGINGS (PACKAGING, MODEL, ENGINE_VOLUME, ENGINE_POWER, ENGINE_TYPE, BODY_TYPE, WHEEL_DRIVE, TRANSMISSION, ANTIBS, ASR, ON_BOARD_COMPUTER, RAIN_SENSOR, LIGHT_SENSOR, AIR_CONDITIONING_UNIT, CRUISE_CONTROL, XENON_HEADLAMPS, ALLOY_WHEELS, SUNROOF, MULTIMEDIA, HEATED_MIRRORS, HEATED_SEATS, HEADLIGHT_WASHER, SECURITY_SYSTEM, PARKTRONIC, INTERIOR, POWER_STEERING, CENTRAL_LOCK, POWER_WINDOWS) VALUES ('519068625', 'FOCUS', 3190, 148, 'Бензин компрессор', 'Седан', 'Полный', 'Вариатор', '1', '0', '1', '0', '1', 'Климат 1-зонный', '1', '1', '1', '1', 'CD', '1', '0', '1', '1', '1', 'Комбинированный', 'Гидро', '0', 'Передние');
INSERT INTO PACKAGINGS (PACKAGING, MODEL, ENGINE_VOLUME, ENGINE_POWER, ENGINE_TYPE, BODY_TYPE, WHEEL_DRIVE, TRANSMISSION, ANTIBS, ASR, ON_BOARD_COMPUTER, RAIN_SENSOR, LIGHT_SENSOR, AIR_CONDITIONING_UNIT, CRUISE_CONTROL, XENON_HEADLAMPS, ALLOY_WHEELS, SUNROOF, MULTIMEDIA, HEATED_MIRRORS, HEATED_SEATS, HEADLIGHT_WASHER, SECURITY_SYSTEM, PARKTRONIC, INTERIOR, POWER_STEERING, CENTRAL_LOCK, POWER_WINDOWS) VALUES ('07645', 'CX-7', 4491, 187, 'Бензин инжектор', 'Пикап', 'Полный', 'АКПП', '1', '0', '0', '0', '1', 'Климат 2-зонный', '0', '1', '1', '0', 'CD+NAVI', '1', '1', '0', '1', '1', 'Ткань', 'Гидро', '1', 'Все');
INSERT INTO PACKAGINGS (PACKAGING, MODEL, ENGINE_VOLUME, ENGINE_POWER, ENGINE_TYPE, BODY_TYPE, WHEEL_DRIVE, TRANSMISSION, ANTIBS, ASR, ON_BOARD_COMPUTER, RAIN_SENSOR, LIGHT_SENSOR, AIR_CONDITIONING_UNIT, CRUISE_CONTROL, XENON_HEADLAMPS, ALLOY_WHEELS, SUNROOF, MULTIMEDIA, HEATED_MIRRORS, HEATED_SEATS, HEADLIGHT_WASHER, SECURITY_SYSTEM, PARKTRONIC, INTERIOR, POWER_STEERING, CENTRAL_LOCK, POWER_WINDOWS) VALUES ('47427', 'SOLARIS', 1950, 212, 'Бензин турбонаддув', 'Купе', 'Полный', 'Механическая', '0', '1', '1', '1', '0', 'Климат 1-зонный', '0', '0', '0', '1', 'CD+NAVI', '1', '0', '1', '1', '1', 'Комбинированный', 'Гидро', '1', 'Передние');
INSERT INTO PACKAGINGS (PACKAGING, MODEL, ENGINE_VOLUME, ENGINE_POWER, ENGINE_TYPE, BODY_TYPE, WHEEL_DRIVE, TRANSMISSION, ANTIBS, ASR, ON_BOARD_COMPUTER, RAIN_SENSOR, LIGHT_SENSOR, AIR_CONDITIONING_UNIT, CRUISE_CONTROL, XENON_HEADLAMPS, ALLOY_WHEELS, SUNROOF, MULTIMEDIA, HEATED_MIRRORS, HEATED_SEATS, HEADLIGHT_WASHER, SECURITY_SYSTEM, PARKTRONIC, INTERIOR, POWER_STEERING, CENTRAL_LOCK, POWER_WINDOWS) VALUES ('84264889', 'RAV 4', 1553, 271, 'Дизель турбонаддув', 'Родстер', 'Передний', 'Робот', '1', '0', '0', '1', '0', 'Климат 1-зонный', '1', '0', '1', '0', 'CD+NAVI', '1', '1', '0', '0', '0', 'Комбинированный', 'Электро', '1', 'Все');
INSERT INTO PACKAGINGS (PACKAGING, MODEL, ENGINE_VOLUME, ENGINE_POWER, ENGINE_TYPE, BODY_TYPE, WHEEL_DRIVE, TRANSMISSION, ANTIBS, ASR, ON_BOARD_COMPUTER, RAIN_SENSOR, LIGHT_SENSOR, AIR_CONDITIONING_UNIT, CRUISE_CONTROL, XENON_HEADLAMPS, ALLOY_WHEELS, SUNROOF, MULTIMEDIA, HEATED_MIRRORS, HEATED_SEATS, HEADLIGHT_WASHER, SECURITY_SYSTEM, PARKTRONIC, INTERIOR, POWER_STEERING, CENTRAL_LOCK, POWER_WINDOWS) VALUES ('9476169504', 'SANTA FE', 3884, 226, 'Бензин компрессор', 'Пикап', 'Полный', 'АКПП', '1', '0', '1', '1', '0', 'Климат 3-зонный и выше', '0', '0', '0', '0', 'CD+NAVI+TV', '1', '0', '1', '0', '0', 'Ткань', 'Электро', '1', 'Передние');
INSERT INTO PACKAGINGS (PACKAGING, MODEL, ENGINE_VOLUME, ENGINE_POWER, ENGINE_TYPE, BODY_TYPE, WHEEL_DRIVE, TRANSMISSION, ANTIBS, ASR, ON_BOARD_COMPUTER, RAIN_SENSOR, LIGHT_SENSOR, AIR_CONDITIONING_UNIT, CRUISE_CONTROL, XENON_HEADLAMPS, ALLOY_WHEELS, SUNROOF, MULTIMEDIA, HEATED_MIRRORS, HEATED_SEATS, HEADLIGHT_WASHER, SECURITY_SYSTEM, PARKTRONIC, INTERIOR, POWER_STEERING, CENTRAL_LOCK, POWER_WINDOWS) VALUES ('5524464489', 'CORSA', 4287, 139, 'Бензин инжектор', 'Купе', 'Полный', 'АКПП', '1', '1', '0', '1', '1', 'Климат 3-зонный и выше', '0', '1', '1', '1', 'CD', '0', '0', '0', '0', '0', 'Комбинированный', 'Электро', '1', 'Передние');
INSERT INTO PACKAGINGS (PACKAGING, MODEL, ENGINE_VOLUME, ENGINE_POWER, ENGINE_TYPE, BODY_TYPE, WHEEL_DRIVE, TRANSMISSION, ANTIBS, ASR, ON_BOARD_COMPUTER, RAIN_SENSOR, LIGHT_SENSOR, AIR_CONDITIONING_UNIT, CRUISE_CONTROL, XENON_HEADLAMPS, ALLOY_WHEELS, SUNROOF, MULTIMEDIA, HEATED_MIRRORS, HEATED_SEATS, HEADLIGHT_WASHER, SECURITY_SYSTEM, PARKTRONIC, INTERIOR, POWER_STEERING, CENTRAL_LOCK, POWER_WINDOWS) VALUES ('300391903', 'GRAND VITARA', 4033, 105, 'Бензин турбонаддув', 'Универсал', 'Задний', 'Механическая', '0', '0', '0', '0', '1', 'Климат 3-зонный и выше', '1', '1', '0', '0', 'CD+NAVI+TV', '1', '0', '0', '0', '1', 'Ткань', 'Электро', '0', 'Передние');
INSERT INTO PACKAGINGS (PACKAGING, MODEL, ENGINE_VOLUME, ENGINE_POWER, ENGINE_TYPE, BODY_TYPE, WHEEL_DRIVE, TRANSMISSION, ANTIBS, ASR, ON_BOARD_COMPUTER, RAIN_SENSOR, LIGHT_SENSOR, AIR_CONDITIONING_UNIT, CRUISE_CONTROL, XENON_HEADLAMPS, ALLOY_WHEELS, SUNROOF, MULTIMEDIA, HEATED_MIRRORS, HEATED_SEATS, HEADLIGHT_WASHER, SECURITY_SYSTEM, PARKTRONIC, INTERIOR, POWER_STEERING, CENTRAL_LOCK, POWER_WINDOWS) VALUES ('818258743', 'SWIFT', 1012, 167, 'Бензин компрессор', 'Хэтчбек', 'Полный', 'Робот', '1', '0', '0', '0', '0', 'Климат 3-зонный и выше', '0', '0', '1', '1', 'CD+NAVI+TV', '0', '1', '1', '1', '0', 'Ткань', 'Электро', '0', 'Все');
INSERT INTO PACKAGINGS (PACKAGING, MODEL, ENGINE_VOLUME, ENGINE_POWER, ENGINE_TYPE, BODY_TYPE, WHEEL_DRIVE, TRANSMISSION, ANTIBS, ASR, ON_BOARD_COMPUTER, RAIN_SENSOR, LIGHT_SENSOR, AIR_CONDITIONING_UNIT, CRUISE_CONTROL, XENON_HEADLAMPS, ALLOY_WHEELS, SUNROOF, MULTIMEDIA, HEATED_MIRRORS, HEATED_SEATS, HEADLIGHT_WASHER, SECURITY_SYSTEM, PARKTRONIC, INTERIOR, POWER_STEERING, CENTRAL_LOCK, POWER_WINDOWS) VALUES ('6217718051', 'SWIFT', 3723, 225, 'Дизель', 'Родстер', 'Передний', 'Механическая', '1', '0', '1', '1', '0', 'Климат 2-зонный', '0', '1', '0', '1', 'CD+NAVI+TV', '1', '1', '1', '0', '0', 'Велюр', 'Гидро', '1', 'Передние');
INSERT INTO PACKAGINGS (PACKAGING, MODEL, ENGINE_VOLUME, ENGINE_POWER, ENGINE_TYPE, BODY_TYPE, WHEEL_DRIVE, TRANSMISSION, ANTIBS, ASR, ON_BOARD_COMPUTER, RAIN_SENSOR, LIGHT_SENSOR, AIR_CONDITIONING_UNIT, CRUISE_CONTROL, XENON_HEADLAMPS, ALLOY_WHEELS, SUNROOF, MULTIMEDIA, HEATED_MIRRORS, HEATED_SEATS, HEADLIGHT_WASHER, SECURITY_SYSTEM, PARKTRONIC, INTERIOR, POWER_STEERING, CENTRAL_LOCK, POWER_WINDOWS) VALUES ('3935243315', 'Solano', 4952, 82, 'Бензин компрессор', 'Внедорожник', 'Задний', 'Вариатор', '0', '1', '0', '0', '0', 'Климат 1-зонный', '0', '0', '0', '1', 'CD+NAVI+TV', '1', '1', '1', '1', '1', 'Комбинированный', 'Электро', '1', 'Все');
INSERT INTO PACKAGINGS (PACKAGING, MODEL, ENGINE_VOLUME, ENGINE_POWER, ENGINE_TYPE, BODY_TYPE, WHEEL_DRIVE, TRANSMISSION, ANTIBS, ASR, ON_BOARD_COMPUTER, RAIN_SENSOR, LIGHT_SENSOR, AIR_CONDITIONING_UNIT, CRUISE_CONTROL, XENON_HEADLAMPS, ALLOY_WHEELS, SUNROOF, MULTIMEDIA, HEATED_MIRRORS, HEATED_SEATS, HEADLIGHT_WASHER, SECURITY_SYSTEM, PARKTRONIC, INTERIOR, POWER_STEERING, CENTRAL_LOCK, POWER_WINDOWS) VALUES ('386286', 'SANTA FE', 3939, 220, 'Бензин компрессор', 'Хэтчбек', 'Задний', 'Робот', '1', '0', '1', '1', '1', 'Климат 2-зонный', '0', '1', '0', '0', 'CD', '0', '1', '1', '1', '0', 'Ткань', 'Электро', '1', 'Все');
INSERT INTO PACKAGINGS (PACKAGING, MODEL, ENGINE_VOLUME, ENGINE_POWER, ENGINE_TYPE, BODY_TYPE, WHEEL_DRIVE, TRANSMISSION, ANTIBS, ASR, ON_BOARD_COMPUTER, RAIN_SENSOR, LIGHT_SENSOR, AIR_CONDITIONING_UNIT, CRUISE_CONTROL, XENON_HEADLAMPS, ALLOY_WHEELS, SUNROOF, MULTIMEDIA, HEATED_MIRRORS, HEATED_SEATS, HEADLIGHT_WASHER, SECURITY_SYSTEM, PARKTRONIC, INTERIOR, POWER_STEERING, CENTRAL_LOCK, POWER_WINDOWS) VALUES ('77715115', 'KUGA', 3381, 265, 'Бензин турбонаддув', 'Пикап', 'Задний', 'Вариатор', '1', '1', '1', '0', '0', 'Климат 1-зонный', '1', '1', '1', '1', 'CD+NAVI', '1', '0', '0', '0', '1', 'Кожа', 'Гидро', '1', 'Передние');
INSERT INTO PACKAGINGS (PACKAGING, MODEL, ENGINE_VOLUME, ENGINE_POWER, ENGINE_TYPE, BODY_TYPE, WHEEL_DRIVE, TRANSMISSION, ANTIBS, ASR, ON_BOARD_COMPUTER, RAIN_SENSOR, LIGHT_SENSOR, AIR_CONDITIONING_UNIT, CRUISE_CONTROL, XENON_HEADLAMPS, ALLOY_WHEELS, SUNROOF, MULTIMEDIA, HEATED_MIRRORS, HEATED_SEATS, HEADLIGHT_WASHER, SECURITY_SYSTEM, PARKTRONIC, INTERIOR, POWER_STEERING, CENTRAL_LOCK, POWER_WINDOWS) VALUES ('62590920', '4008', 2499, 96, 'Дизель турбонаддув', 'Хэтчбек', 'Полный', 'Робот', '1', '0', '0', '1', '0', 'Климат 1-зонный', '0', '1', '0', '1', 'CD+NAVI', '0', '0', '1', '1', '1', 'Ткань', 'Электро', '1', 'Передние');
INSERT INTO PACKAGINGS (PACKAGING, MODEL, ENGINE_VOLUME, ENGINE_POWER, ENGINE_TYPE, BODY_TYPE, WHEEL_DRIVE, TRANSMISSION, ANTIBS, ASR, ON_BOARD_COMPUTER, RAIN_SENSOR, LIGHT_SENSOR, AIR_CONDITIONING_UNIT, CRUISE_CONTROL, XENON_HEADLAMPS, ALLOY_WHEELS, SUNROOF, MULTIMEDIA, HEATED_MIRRORS, HEATED_SEATS, HEADLIGHT_WASHER, SECURITY_SYSTEM, PARKTRONIC, INTERIOR, POWER_STEERING, CENTRAL_LOCK, POWER_WINDOWS) VALUES ('36013576', 'Mx-5', 4621, 176, 'Дизель', 'Хэтчбек', 'Полный', 'Вариатор', '0', '0', '1', '0', '1', 'Климат 2-зонный', '0', '0', '1', '1', 'CD', '0', '1', '1', '0', '1', 'Велюр', 'Гидро', '1', 'Все');
INSERT INTO PACKAGINGS (PACKAGING, MODEL, ENGINE_VOLUME, ENGINE_POWER, ENGINE_TYPE, BODY_TYPE, WHEEL_DRIVE, TRANSMISSION, ANTIBS, ASR, ON_BOARD_COMPUTER, RAIN_SENSOR, LIGHT_SENSOR, AIR_CONDITIONING_UNIT, CRUISE_CONTROL, XENON_HEADLAMPS, ALLOY_WHEELS, SUNROOF, MULTIMEDIA, HEATED_MIRRORS, HEATED_SEATS, HEADLIGHT_WASHER, SECURITY_SYSTEM, PARKTRONIC, INTERIOR, POWER_STEERING, CENTRAL_LOCK, POWER_WINDOWS) VALUES ('799480219', '300C', 3713, 240, 'Дизель', 'Седан', 'Передний', 'Вариатор', '0', '1', '1', '0', '0', 'Климат 2-зонный', '1', '0', '0', '1', 'CD+NAVI+TV', '1', '1', '1', '0', '0', 'Ткань', 'Гидро', '1', 'Все');
INSERT INTO PACKAGINGS (PACKAGING, MODEL, ENGINE_VOLUME, ENGINE_POWER, ENGINE_TYPE, BODY_TYPE, WHEEL_DRIVE, TRANSMISSION, ANTIBS, ASR, ON_BOARD_COMPUTER, RAIN_SENSOR, LIGHT_SENSOR, AIR_CONDITIONING_UNIT, CRUISE_CONTROL, XENON_HEADLAMPS, ALLOY_WHEELS, SUNROOF, MULTIMEDIA, HEATED_MIRRORS, HEATED_SEATS, HEADLIGHT_WASHER, SECURITY_SYSTEM, PARKTRONIC, INTERIOR, POWER_STEERING, CENTRAL_LOCK, POWER_WINDOWS) VALUES ('190785', '9-5', 4325, 188, 'Дизель', 'Универсал', 'Задний', 'Вариатор', '0', '1', '0', '1', '1', 'Климат 1-зонный', '0', '0', '0', '0', 'CD', '0', '1', '0', '0', '1', 'Кожа', 'Электро', '1', 'Все');
INSERT INTO PACKAGINGS (PACKAGING, MODEL, ENGINE_VOLUME, ENGINE_POWER, ENGINE_TYPE, BODY_TYPE, WHEEL_DRIVE, TRANSMISSION, ANTIBS, ASR, ON_BOARD_COMPUTER, RAIN_SENSOR, LIGHT_SENSOR, AIR_CONDITIONING_UNIT, CRUISE_CONTROL, XENON_HEADLAMPS, ALLOY_WHEELS, SUNROOF, MULTIMEDIA, HEATED_MIRRORS, HEATED_SEATS, HEADLIGHT_WASHER, SECURITY_SYSTEM, PARKTRONIC, INTERIOR, POWER_STEERING, CENTRAL_LOCK, POWER_WINDOWS) VALUES ('20511', 'VECTRA', 2132, 243, 'Дизель', 'Кабриолет', 'Передний', 'Робот', '1', '0', '1', '1', '1', 'Климат 3-зонный и выше', '0', '0', '1', '0', 'CD+NAVI', '1', '1', '0', '1', '0', 'Комбинированный', 'Электро', '1', 'Передние');
INSERT INTO PACKAGINGS (PACKAGING, MODEL, ENGINE_VOLUME, ENGINE_POWER, ENGINE_TYPE, BODY_TYPE, WHEEL_DRIVE, TRANSMISSION, ANTIBS, ASR, ON_BOARD_COMPUTER, RAIN_SENSOR, LIGHT_SENSOR, AIR_CONDITIONING_UNIT, CRUISE_CONTROL, XENON_HEADLAMPS, ALLOY_WHEELS, SUNROOF, MULTIMEDIA, HEATED_MIRRORS, HEATED_SEATS, HEADLIGHT_WASHER, SECURITY_SYSTEM, PARKTRONIC, INTERIOR, POWER_STEERING, CENTRAL_LOCK, POWER_WINDOWS) VALUES ('9306100400', 'DEER', 4426, 136, 'Бензин инжектор', 'Внедорожник', 'Задний', 'АКПП', '0', '0', '0', '1', '0', 'Климат 1-зонный', '1', '1', '0', '0', 'CD+NAVI', '1', '0', '0', '0', '0', 'Кожа', 'Гидро', '1', 'Передние');
INSERT INTO PACKAGINGS (PACKAGING, MODEL, ENGINE_VOLUME, ENGINE_POWER, ENGINE_TYPE, BODY_TYPE, WHEEL_DRIVE, TRANSMISSION, ANTIBS, ASR, ON_BOARD_COMPUTER, RAIN_SENSOR, LIGHT_SENSOR, AIR_CONDITIONING_UNIT, CRUISE_CONTROL, XENON_HEADLAMPS, ALLOY_WHEELS, SUNROOF, MULTIMEDIA, HEATED_MIRRORS, HEATED_SEATS, HEADLIGHT_WASHER, SECURITY_SYSTEM, PARKTRONIC, INTERIOR, POWER_STEERING, CENTRAL_LOCK, POWER_WINDOWS) VALUES ('43466', 'HUNTER', 2032, 89, 'Бензин турбонаддув', 'Хэтчбек', 'Полный', 'АКПП', '0', '0', '1', '0', '1', 'Климат 2-зонный', '1', '0', '1', '1', 'CD', '1', '1', '1', '1', '0', 'Ткань', 'Гидро', '1', 'Передние');
INSERT INTO PACKAGINGS (PACKAGING, MODEL, ENGINE_VOLUME, ENGINE_POWER, ENGINE_TYPE, BODY_TYPE, WHEEL_DRIVE, TRANSMISSION, ANTIBS, ASR, ON_BOARD_COMPUTER, RAIN_SENSOR, LIGHT_SENSOR, AIR_CONDITIONING_UNIT, CRUISE_CONTROL, XENON_HEADLAMPS, ALLOY_WHEELS, SUNROOF, MULTIMEDIA, HEATED_MIRRORS, HEATED_SEATS, HEADLIGHT_WASHER, SECURITY_SYSTEM, PARKTRONIC, INTERIOR, POWER_STEERING, CENTRAL_LOCK, POWER_WINDOWS) VALUES ('500391595', '550i', 1559, 281, 'Бензин турбонаддув', 'Хэтчбек', 'Задний', 'Механическая', '0', '0', '0', '1', '1', 'Климат 1-зонный', '0', '1', '1', '0', 'CD+NAVI+TV', '1', '0', '1', '1', '0', 'Велюр', 'Электро', '0', 'Передние');
INSERT INTO PACKAGINGS (PACKAGING, MODEL, ENGINE_VOLUME, ENGINE_POWER, ENGINE_TYPE, BODY_TYPE, WHEEL_DRIVE, TRANSMISSION, ANTIBS, ASR, ON_BOARD_COMPUTER, RAIN_SENSOR, LIGHT_SENSOR, AIR_CONDITIONING_UNIT, CRUISE_CONTROL, XENON_HEADLAMPS, ALLOY_WHEELS, SUNROOF, MULTIMEDIA, HEATED_MIRRORS, HEATED_SEATS, HEADLIGHT_WASHER, SECURITY_SYSTEM, PARKTRONIC, INTERIOR, POWER_STEERING, CENTRAL_LOCK, POWER_WINDOWS) VALUES ('508725', '300C', 1839, 106, 'Дизель', 'Пикап', 'Полный', 'Робот', '1', '1', '1', '0', '1', 'Климат 2-зонный', '1', '0', '0', '0', 'CD+NAVI+TV', '0', '1', '0', '1', '1', 'Велюр', 'Электро', '0', 'Передние');
INSERT INTO PACKAGINGS (PACKAGING, MODEL, ENGINE_VOLUME, ENGINE_POWER, ENGINE_TYPE, BODY_TYPE, WHEEL_DRIVE, TRANSMISSION, ANTIBS, ASR, ON_BOARD_COMPUTER, RAIN_SENSOR, LIGHT_SENSOR, AIR_CONDITIONING_UNIT, CRUISE_CONTROL, XENON_HEADLAMPS, ALLOY_WHEELS, SUNROOF, MULTIMEDIA, HEATED_MIRRORS, HEATED_SEATS, HEADLIGHT_WASHER, SECURITY_SYSTEM, PARKTRONIC, INTERIOR, POWER_STEERING, CENTRAL_LOCK, POWER_WINDOWS) VALUES ('493316', '4008', 4672, 269, 'Дизель турбонаддув', 'Хэтчбек', 'Передний', 'АКПП', '1', '0', '0', '0', '0', 'Климат 2-зонный', '1', '0', '0', '0', 'CD+NAVI', '1', '0', '1', '1', '1', 'Комбинированный', 'Гидро', '1', 'Все');
INSERT INTO PACKAGINGS (PACKAGING, MODEL, ENGINE_VOLUME, ENGINE_POWER, ENGINE_TYPE, BODY_TYPE, WHEEL_DRIVE, TRANSMISSION, ANTIBS, ASR, ON_BOARD_COMPUTER, RAIN_SENSOR, LIGHT_SENSOR, AIR_CONDITIONING_UNIT, CRUISE_CONTROL, XENON_HEADLAMPS, ALLOY_WHEELS, SUNROOF, MULTIMEDIA, HEATED_MIRRORS, HEATED_SEATS, HEADLIGHT_WASHER, SECURITY_SYSTEM, PARKTRONIC, INTERIOR, POWER_STEERING, CENTRAL_LOCK, POWER_WINDOWS) VALUES ('120451', 'DUSTER', 2743, 143, 'Дизель', 'Родстер', 'Полный', 'Механическая', '0', '0', '0', '0', '0', 'Климат 1-зонный', '0', '1', '1', '0', 'CD', '1', '1', '1', '1', '0', 'Кожа', 'Электро', '1', 'Передние');
INSERT INTO PACKAGINGS (PACKAGING, MODEL, ENGINE_VOLUME, ENGINE_POWER, ENGINE_TYPE, BODY_TYPE, WHEEL_DRIVE, TRANSMISSION, ANTIBS, ASR, ON_BOARD_COMPUTER, RAIN_SENSOR, LIGHT_SENSOR, AIR_CONDITIONING_UNIT, CRUISE_CONTROL, XENON_HEADLAMPS, ALLOY_WHEELS, SUNROOF, MULTIMEDIA, HEATED_MIRRORS, HEATED_SEATS, HEADLIGHT_WASHER, SECURITY_SYSTEM, PARKTRONIC, INTERIOR, POWER_STEERING, CENTRAL_LOCK, POWER_WINDOWS) VALUES ('02872044', 'FOCUS', 1770, 250, 'Бензин компрессор', 'Универсал', 'Полный', 'Вариатор', '0', '1', '1', '0', '0', 'Климат 2-зонный', '1', '1', '1', '1', 'CD+NAVI', '0', '1', '1', '0', '1', 'Ткань', 'Гидро', '0', 'Передние');
INSERT INTO PACKAGINGS (PACKAGING, MODEL, ENGINE_VOLUME, ENGINE_POWER, ENGINE_TYPE, BODY_TYPE, WHEEL_DRIVE, TRANSMISSION, ANTIBS, ASR, ON_BOARD_COMPUTER, RAIN_SENSOR, LIGHT_SENSOR, AIR_CONDITIONING_UNIT, CRUISE_CONTROL, XENON_HEADLAMPS, ALLOY_WHEELS, SUNROOF, MULTIMEDIA, HEATED_MIRRORS, HEATED_SEATS, HEADLIGHT_WASHER, SECURITY_SYSTEM, PARKTRONIC, INTERIOR, POWER_STEERING, CENTRAL_LOCK, POWER_WINDOWS) VALUES ('489205981', 'PAJERO', 1659, 151, 'Бензин инжектор', 'Внедорожник', 'Задний', 'Механическая', '1', '1', '0', '0', '1', 'Климат 3-зонный и выше', '1', '0', '0', '1', 'CD', '0', '0', '1', '1', '1', 'Велюр', 'Электро', '0', 'Все');
INSERT INTO PACKAGINGS (PACKAGING, MODEL, ENGINE_VOLUME, ENGINE_POWER, ENGINE_TYPE, BODY_TYPE, WHEEL_DRIVE, TRANSMISSION, ANTIBS, ASR, ON_BOARD_COMPUTER, RAIN_SENSOR, LIGHT_SENSOR, AIR_CONDITIONING_UNIT, CRUISE_CONTROL, XENON_HEADLAMPS, ALLOY_WHEELS, SUNROOF, MULTIMEDIA, HEATED_MIRRORS, HEATED_SEATS, HEADLIGHT_WASHER, SECURITY_SYSTEM, PARKTRONIC, INTERIOR, POWER_STEERING, CENTRAL_LOCK, POWER_WINDOWS) VALUES ('057212007', 'XC90', 4831, 225, 'Бензин инжектор', 'Универсал', 'Полный', 'Механическая', '0', '1', '0', '0', '1', 'Климат 2-зонный', '1', '1', '0', '0', 'CD', '0', '0', '1', '1', '0', 'Комбинированный', 'Электро', '0', 'Передние');
INSERT INTO PACKAGINGS (PACKAGING, MODEL, ENGINE_VOLUME, ENGINE_POWER, ENGINE_TYPE, BODY_TYPE, WHEEL_DRIVE, TRANSMISSION, ANTIBS, ASR, ON_BOARD_COMPUTER, RAIN_SENSOR, LIGHT_SENSOR, AIR_CONDITIONING_UNIT, CRUISE_CONTROL, XENON_HEADLAMPS, ALLOY_WHEELS, SUNROOF, MULTIMEDIA, HEATED_MIRRORS, HEATED_SEATS, HEADLIGHT_WASHER, SECURITY_SYSTEM, PARKTRONIC, INTERIOR, POWER_STEERING, CENTRAL_LOCK, POWER_WINDOWS) VALUES ('3519114260', 'CAYENNE', 4564, 132, 'Дизель турбонаддув', 'Пикап', 'Задний', 'Механическая', '0', '0', '0', '0', '1', 'Климат 3-зонный и выше', '0', '1', '1', '0', 'CD', '1', '0', '1', '1', '0', 'Кожа', 'Гидро', '1', 'Все');
INSERT INTO PACKAGINGS (PACKAGING, MODEL, ENGINE_VOLUME, ENGINE_POWER, ENGINE_TYPE, BODY_TYPE, WHEEL_DRIVE, TRANSMISSION, ANTIBS, ASR, ON_BOARD_COMPUTER, RAIN_SENSOR, LIGHT_SENSOR, AIR_CONDITIONING_UNIT, CRUISE_CONTROL, XENON_HEADLAMPS, ALLOY_WHEELS, SUNROOF, MULTIMEDIA, HEATED_MIRRORS, HEATED_SEATS, HEADLIGHT_WASHER, SECURITY_SYSTEM, PARKTRONIC, INTERIOR, POWER_STEERING, CENTRAL_LOCK, POWER_WINDOWS) VALUES ('30225116', 'XC90', 3582, 276, 'Бензин компрессор', 'Кабриолет', 'Полный', 'Робот', '0', '1', '0', '0', '0', 'Климат 3-зонный и выше', '0', '1', '1', '1', 'CD+NAVI+TV', '0', '0', '0', '1', '0', 'Ткань', 'Гидро', '1', 'Передние');
INSERT INTO PACKAGINGS (PACKAGING, MODEL, ENGINE_VOLUME, ENGINE_POWER, ENGINE_TYPE, BODY_TYPE, WHEEL_DRIVE, TRANSMISSION, ANTIBS, ASR, ON_BOARD_COMPUTER, RAIN_SENSOR, LIGHT_SENSOR, AIR_CONDITIONING_UNIT, CRUISE_CONTROL, XENON_HEADLAMPS, ALLOY_WHEELS, SUNROOF, MULTIMEDIA, HEATED_MIRRORS, HEATED_SEATS, HEADLIGHT_WASHER, SECURITY_SYSTEM, PARKTRONIC, INTERIOR, POWER_STEERING, CENTRAL_LOCK, POWER_WINDOWS) VALUES ('1666262', 'MATIZ', 1456, 238, 'Бензин компрессор', 'Купе', 'Задний', 'Робот', '1', '0', '1', '1', '0', 'Климат 2-зонный', '1', '1', '0', '0', 'CD+NAVI', '0', '0', '0', '1', '0', 'Велюр', 'Гидро', '0', 'Все');
INSERT INTO PACKAGINGS (PACKAGING, MODEL, ENGINE_VOLUME, ENGINE_POWER, ENGINE_TYPE, BODY_TYPE, WHEEL_DRIVE, TRANSMISSION, ANTIBS, ASR, ON_BOARD_COMPUTER, RAIN_SENSOR, LIGHT_SENSOR, AIR_CONDITIONING_UNIT, CRUISE_CONTROL, XENON_HEADLAMPS, ALLOY_WHEELS, SUNROOF, MULTIMEDIA, HEATED_MIRRORS, HEATED_SEATS, HEADLIGHT_WASHER, SECURITY_SYSTEM, PARKTRONIC, INTERIOR, POWER_STEERING, CENTRAL_LOCK, POWER_WINDOWS) VALUES ('62576766', '550i', 2974, 159, 'Бензин инжектор', 'Кабриолет', 'Задний', 'АКПП', '0', '0', '0', '1', '0', 'Климат 2-зонный', '1', '0', '1', '0', 'CD+NAVI', '1', '0', '1', '0', '0', 'Ткань', 'Гидро', '0', 'Передние');
INSERT INTO PACKAGINGS (PACKAGING, MODEL, ENGINE_VOLUME, ENGINE_POWER, ENGINE_TYPE, BODY_TYPE, WHEEL_DRIVE, TRANSMISSION, ANTIBS, ASR, ON_BOARD_COMPUTER, RAIN_SENSOR, LIGHT_SENSOR, AIR_CONDITIONING_UNIT, CRUISE_CONTROL, XENON_HEADLAMPS, ALLOY_WHEELS, SUNROOF, MULTIMEDIA, HEATED_MIRRORS, HEATED_SEATS, HEADLIGHT_WASHER, SECURITY_SYSTEM, PARKTRONIC, INTERIOR, POWER_STEERING, CENTRAL_LOCK, POWER_WINDOWS) VALUES ('1574054997', 'RAV 4', 1280, 152, 'Дизель турбонаддув', 'Хэтчбек', 'Полный', 'Механическая', '0', '1', '0', '0', '0', 'Климат 2-зонный', '1', '1', '1', '0', 'CD+NAVI', '0', '1', '1', '1', '1', 'Велюр', 'Гидро', '0', 'Все');
INSERT INTO PACKAGINGS (PACKAGING, MODEL, ENGINE_VOLUME, ENGINE_POWER, ENGINE_TYPE, BODY_TYPE, WHEEL_DRIVE, TRANSMISSION, ANTIBS, ASR, ON_BOARD_COMPUTER, RAIN_SENSOR, LIGHT_SENSOR, AIR_CONDITIONING_UNIT, CRUISE_CONTROL, XENON_HEADLAMPS, ALLOY_WHEELS, SUNROOF, MULTIMEDIA, HEATED_MIRRORS, HEATED_SEATS, HEADLIGHT_WASHER, SECURITY_SYSTEM, PARKTRONIC, INTERIOR, POWER_STEERING, CENTRAL_LOCK, POWER_WINDOWS) VALUES ('7323499358', 'RAV 4', 3372, 248, 'Бензин турбонаддув', 'Универсал', 'Полный', 'АКПП', '1', '1', '1', '1', '0', 'Климат 2-зонный', '0', '1', '1', '1', 'CD+NAVI+TV', '1', '1', '0', '0', '0', 'Комбинированный', 'Электро', '1', 'Все');
INSERT INTO PACKAGINGS (PACKAGING, MODEL, ENGINE_VOLUME, ENGINE_POWER, ENGINE_TYPE, BODY_TYPE, WHEEL_DRIVE, TRANSMISSION, ANTIBS, ASR, ON_BOARD_COMPUTER, RAIN_SENSOR, LIGHT_SENSOR, AIR_CONDITIONING_UNIT, CRUISE_CONTROL, XENON_HEADLAMPS, ALLOY_WHEELS, SUNROOF, MULTIMEDIA, HEATED_MIRRORS, HEATED_SEATS, HEADLIGHT_WASHER, SECURITY_SYSTEM, PARKTRONIC, INTERIOR, POWER_STEERING, CENTRAL_LOCK, POWER_WINDOWS) VALUES ('38814', '307', 2746, 223, 'Бензин компрессор', 'Купе', 'Передний', 'АКПП', '1', '1', '1', '1', '1', 'Климат 2-зонный', '0', '1', '1', '0', 'CD+NAVI', '1', '0', '0', '0', '0', 'Велюр', 'Гидро', '0', 'Все');
INSERT INTO PACKAGINGS (PACKAGING, MODEL, ENGINE_VOLUME, ENGINE_POWER, ENGINE_TYPE, BODY_TYPE, WHEEL_DRIVE, TRANSMISSION, ANTIBS, ASR, ON_BOARD_COMPUTER, RAIN_SENSOR, LIGHT_SENSOR, AIR_CONDITIONING_UNIT, CRUISE_CONTROL, XENON_HEADLAMPS, ALLOY_WHEELS, SUNROOF, MULTIMEDIA, HEATED_MIRRORS, HEATED_SEATS, HEADLIGHT_WASHER, SECURITY_SYSTEM, PARKTRONIC, INTERIOR, POWER_STEERING, CENTRAL_LOCK, POWER_WINDOWS) VALUES ('032423', 'CR-V', 4934, 258, 'Дизель', 'Хэтчбек', 'Полный', 'Механическая', '1', '0', '1', '1', '1', 'Климат 3-зонный и выше', '0', '0', '1', '0', 'CD+NAVI+TV', '1', '1', '0', '0', '0', 'Кожа', 'Гидро', '1', 'Все');
INSERT INTO PACKAGINGS (PACKAGING, MODEL, ENGINE_VOLUME, ENGINE_POWER, ENGINE_TYPE, BODY_TYPE, WHEEL_DRIVE, TRANSMISSION, ANTIBS, ASR, ON_BOARD_COMPUTER, RAIN_SENSOR, LIGHT_SENSOR, AIR_CONDITIONING_UNIT, CRUISE_CONTROL, XENON_HEADLAMPS, ALLOY_WHEELS, SUNROOF, MULTIMEDIA, HEATED_MIRRORS, HEATED_SEATS, HEADLIGHT_WASHER, SECURITY_SYSTEM, PARKTRONIC, INTERIOR, POWER_STEERING, CENTRAL_LOCK, POWER_WINDOWS) VALUES ('50490000', 'LANCER', 3358, 87, 'Дизель турбонаддув', 'Купе', 'Передний', 'Механическая', '0', '1', '0', '0', '0', 'Климат 1-зонный', '1', '0', '1', '1', 'CD', '0', '0', '1', '1', '1', 'Комбинированный', 'Гидро', '0', 'Передние');
INSERT INTO PACKAGINGS (PACKAGING, MODEL, ENGINE_VOLUME, ENGINE_POWER, ENGINE_TYPE, BODY_TYPE, WHEEL_DRIVE, TRANSMISSION, ANTIBS, ASR, ON_BOARD_COMPUTER, RAIN_SENSOR, LIGHT_SENSOR, AIR_CONDITIONING_UNIT, CRUISE_CONTROL, XENON_HEADLAMPS, ALLOY_WHEELS, SUNROOF, MULTIMEDIA, HEATED_MIRRORS, HEATED_SEATS, HEADLIGHT_WASHER, SECURITY_SYSTEM, PARKTRONIC, INTERIOR, POWER_STEERING, CENTRAL_LOCK, POWER_WINDOWS) VALUES ('291398262', 'DEER', 3846, 86, 'Бензин компрессор', 'Хэтчбек', 'Передний', 'Вариатор', '0', '0', '1', '0', '1', 'Климат 3-зонный и выше', '1', '1', '0', '0', 'CD+NAVI', '1', '0', '1', '1', '1', 'Ткань', 'Гидро', '0', 'Все');
INSERT INTO PACKAGINGS (PACKAGING, MODEL, ENGINE_VOLUME, ENGINE_POWER, ENGINE_TYPE, BODY_TYPE, WHEEL_DRIVE, TRANSMISSION, ANTIBS, ASR, ON_BOARD_COMPUTER, RAIN_SENSOR, LIGHT_SENSOR, AIR_CONDITIONING_UNIT, CRUISE_CONTROL, XENON_HEADLAMPS, ALLOY_WHEELS, SUNROOF, MULTIMEDIA, HEATED_MIRRORS, HEATED_SEATS, HEADLIGHT_WASHER, SECURITY_SYSTEM, PARKTRONIC, INTERIOR, POWER_STEERING, CENTRAL_LOCK, POWER_WINDOWS) VALUES ('57677058', 'RIO', 3286, 88, 'Бензин компрессор', 'Универсал', 'Полный', 'Робот', '1', '1', '0', '1', '1', 'Климат 2-зонный', '1', '1', '0', '0', 'CD', '0', '0', '0', '1', '0', 'Кожа', 'Электро', '0', 'Передние');
INSERT INTO PACKAGINGS (PACKAGING, MODEL, ENGINE_VOLUME, ENGINE_POWER, ENGINE_TYPE, BODY_TYPE, WHEEL_DRIVE, TRANSMISSION, ANTIBS, ASR, ON_BOARD_COMPUTER, RAIN_SENSOR, LIGHT_SENSOR, AIR_CONDITIONING_UNIT, CRUISE_CONTROL, XENON_HEADLAMPS, ALLOY_WHEELS, SUNROOF, MULTIMEDIA, HEATED_MIRRORS, HEATED_SEATS, HEADLIGHT_WASHER, SECURITY_SYSTEM, PARKTRONIC, INTERIOR, POWER_STEERING, CENTRAL_LOCK, POWER_WINDOWS) VALUES ('49506735', 'ACCORD', 3028, 110, 'Дизель турбонаддув', 'Внедорожник', 'Задний', 'Вариатор', '0', '1', '1', '0', '1', 'Климат 2-зонный', '0', '0', '0', '1', 'CD', '1', '0', '0', '1', '0', 'Велюр', 'Электро', '1', 'Все');
INSERT INTO PACKAGINGS (PACKAGING, MODEL, ENGINE_VOLUME, ENGINE_POWER, ENGINE_TYPE, BODY_TYPE, WHEEL_DRIVE, TRANSMISSION, ANTIBS, ASR, ON_BOARD_COMPUTER, RAIN_SENSOR, LIGHT_SENSOR, AIR_CONDITIONING_UNIT, CRUISE_CONTROL, XENON_HEADLAMPS, ALLOY_WHEELS, SUNROOF, MULTIMEDIA, HEATED_MIRRORS, HEATED_SEATS, HEADLIGHT_WASHER, SECURITY_SYSTEM, PARKTRONIC, INTERIOR, POWER_STEERING, CENTRAL_LOCK, POWER_WINDOWS) VALUES ('53136855', 'LOGAN', 4640, 261, 'Бензин компрессор', 'Внедорожник', 'Полный', 'Механическая', '0', '0', '0', '1', '1', 'Климат 1-зонный', '0', '1', '0', '0', 'CD', '1', '0', '0', '0', '1', 'Велюр', 'Гидро', '0', 'Передние');
INSERT INTO PACKAGINGS (PACKAGING, MODEL, ENGINE_VOLUME, ENGINE_POWER, ENGINE_TYPE, BODY_TYPE, WHEEL_DRIVE, TRANSMISSION, ANTIBS, ASR, ON_BOARD_COMPUTER, RAIN_SENSOR, LIGHT_SENSOR, AIR_CONDITIONING_UNIT, CRUISE_CONTROL, XENON_HEADLAMPS, ALLOY_WHEELS, SUNROOF, MULTIMEDIA, HEATED_MIRRORS, HEATED_SEATS, HEADLIGHT_WASHER, SECURITY_SYSTEM, PARKTRONIC, INTERIOR, POWER_STEERING, CENTRAL_LOCK, POWER_WINDOWS) VALUES ('0855417', 'OCTAVIA', 3404, 294, 'Бензин турбонаддув', 'Родстер', 'Полный', 'Механическая', '0', '0', '0', '0', '0', 'Климат 3-зонный и выше', '0', '0', '0', '0', 'CD+NAVI', '0', '0', '1', '1', '0', 'Кожа', 'Электро', '1', 'Передние');
INSERT INTO PACKAGINGS (PACKAGING, MODEL, ENGINE_VOLUME, ENGINE_POWER, ENGINE_TYPE, BODY_TYPE, WHEEL_DRIVE, TRANSMISSION, ANTIBS, ASR, ON_BOARD_COMPUTER, RAIN_SENSOR, LIGHT_SENSOR, AIR_CONDITIONING_UNIT, CRUISE_CONTROL, XENON_HEADLAMPS, ALLOY_WHEELS, SUNROOF, MULTIMEDIA, HEATED_MIRRORS, HEATED_SEATS, HEADLIGHT_WASHER, SECURITY_SYSTEM, PARKTRONIC, INTERIOR, POWER_STEERING, CENTRAL_LOCK, POWER_WINDOWS) VALUES ('669069368', 'Toledo', 3281, 251, 'Бензин компрессор', 'Внедорожник', 'Полный', 'Механическая', '1', '0', '0', '1', '0', 'Климат 3-зонный и выше', '1', '1', '0', '0', 'CD+NAVI', '0', '0', '0', '0', '0', 'Велюр', 'Гидро', '1', 'Передние');
INSERT INTO PACKAGINGS (PACKAGING, MODEL, ENGINE_VOLUME, ENGINE_POWER, ENGINE_TYPE, BODY_TYPE, WHEEL_DRIVE, TRANSMISSION, ANTIBS, ASR, ON_BOARD_COMPUTER, RAIN_SENSOR, LIGHT_SENSOR, AIR_CONDITIONING_UNIT, CRUISE_CONTROL, XENON_HEADLAMPS, ALLOY_WHEELS, SUNROOF, MULTIMEDIA, HEATED_MIRRORS, HEATED_SEATS, HEADLIGHT_WASHER, SECURITY_SYSTEM, PARKTRONIC, INTERIOR, POWER_STEERING, CENTRAL_LOCK, POWER_WINDOWS) VALUES ('230533631', 'DUSTER', 2669, 287, 'Бензин инжектор', 'Кабриолет', 'Полный', 'АКПП', '0', '0', '1', '1', '1', 'Климат 2-зонный', '0', '0', '1', '0', 'CD+NAVI+TV', '0', '1', '0', '0', '1', 'Ткань', 'Электро', '0', 'Все');
INSERT INTO PACKAGINGS (PACKAGING, MODEL, ENGINE_VOLUME, ENGINE_POWER, ENGINE_TYPE, BODY_TYPE, WHEEL_DRIVE, TRANSMISSION, ANTIBS, ASR, ON_BOARD_COMPUTER, RAIN_SENSOR, LIGHT_SENSOR, AIR_CONDITIONING_UNIT, CRUISE_CONTROL, XENON_HEADLAMPS, ALLOY_WHEELS, SUNROOF, MULTIMEDIA, HEATED_MIRRORS, HEATED_SEATS, HEADLIGHT_WASHER, SECURITY_SYSTEM, PARKTRONIC, INTERIOR, POWER_STEERING, CENTRAL_LOCK, POWER_WINDOWS) VALUES ('5211386685', 'HOVER', 1972, 141, 'Дизель', 'Седан', 'Передний', 'Механическая', '1', '0', '0', '0', '1', 'Климат 3-зонный и выше', '0', '1', '1', '1', 'CD+NAVI', '0', '0', '1', '0', '1', 'Кожа', 'Электро', '1', 'Передние');
INSERT INTO PACKAGINGS (PACKAGING, MODEL, ENGINE_VOLUME, ENGINE_POWER, ENGINE_TYPE, BODY_TYPE, WHEEL_DRIVE, TRANSMISSION, ANTIBS, ASR, ON_BOARD_COMPUTER, RAIN_SENSOR, LIGHT_SENSOR, AIR_CONDITIONING_UNIT, CRUISE_CONTROL, XENON_HEADLAMPS, ALLOY_WHEELS, SUNROOF, MULTIMEDIA, HEATED_MIRRORS, HEATED_SEATS, HEADLIGHT_WASHER, SECURITY_SYSTEM, PARKTRONIC, INTERIOR, POWER_STEERING, CENTRAL_LOCK, POWER_WINDOWS) VALUES ('8973774443', 'A6', 2248, 232, 'Бензин инжектор', 'Пикап', 'Полный', 'Вариатор', '0', '1', '1', '1', '0', 'Климат 3-зонный и выше', '1', '0', '1', '1', 'CD+NAVI', '0', '1', '1', '1', '1', 'Велюр', 'Электро', '1', 'Передние');
INSERT INTO PACKAGINGS (PACKAGING, MODEL, ENGINE_VOLUME, ENGINE_POWER, ENGINE_TYPE, BODY_TYPE, WHEEL_DRIVE, TRANSMISSION, ANTIBS, ASR, ON_BOARD_COMPUTER, RAIN_SENSOR, LIGHT_SENSOR, AIR_CONDITIONING_UNIT, CRUISE_CONTROL, XENON_HEADLAMPS, ALLOY_WHEELS, SUNROOF, MULTIMEDIA, HEATED_MIRRORS, HEATED_SEATS, HEADLIGHT_WASHER, SECURITY_SYSTEM, PARKTRONIC, INTERIOR, POWER_STEERING, CENTRAL_LOCK, POWER_WINDOWS) VALUES ('86919', 'PAJERO', 1575, 258, 'Бензин инжектор', 'Универсал', 'Передний', 'Робот', '1', '1', '1', '0', '0', 'Климат 2-зонный', '1', '0', '0', '0', 'CD+NAVI+TV', '0', '1', '1', '1', '1', 'Кожа', 'Гидро', '1', 'Передние');
INSERT INTO PACKAGINGS (PACKAGING, MODEL, ENGINE_VOLUME, ENGINE_POWER, ENGINE_TYPE, BODY_TYPE, WHEEL_DRIVE, TRANSMISSION, ANTIBS, ASR, ON_BOARD_COMPUTER, RAIN_SENSOR, LIGHT_SENSOR, AIR_CONDITIONING_UNIT, CRUISE_CONTROL, XENON_HEADLAMPS, ALLOY_WHEELS, SUNROOF, MULTIMEDIA, HEATED_MIRRORS, HEATED_SEATS, HEADLIGHT_WASHER, SECURITY_SYSTEM, PARKTRONIC, INTERIOR, POWER_STEERING, CENTRAL_LOCK, POWER_WINDOWS) VALUES ('87896840', 'XC90', 4428, 295, 'Бензин турбонаддув', 'Купе', 'Полный', 'АКПП', '1', '0', '1', '0', '0', 'Климат 1-зонный', '1', '1', '1', '0', 'CD+NAVI', '0', '0', '1', '1', '1', 'Комбинированный', 'Электро', '0', 'Передние');
INSERT INTO PACKAGINGS (PACKAGING, MODEL, ENGINE_VOLUME, ENGINE_POWER, ENGINE_TYPE, BODY_TYPE, WHEEL_DRIVE, TRANSMISSION, ANTIBS, ASR, ON_BOARD_COMPUTER, RAIN_SENSOR, LIGHT_SENSOR, AIR_CONDITIONING_UNIT, CRUISE_CONTROL, XENON_HEADLAMPS, ALLOY_WHEELS, SUNROOF, MULTIMEDIA, HEATED_MIRRORS, HEATED_SEATS, HEADLIGHT_WASHER, SECURITY_SYSTEM, PARKTRONIC, INTERIOR, POWER_STEERING, CENTRAL_LOCK, POWER_WINDOWS) VALUES ('8211296', 'OCTAVIA', 4919, 173, 'Дизель', 'Пикап', 'Полный', 'Механическая', '1', '1', '1', '1', '0', 'Климат 3-зонный и выше', '0', '1', '0', '1', 'CD+NAVI', '1', '1', '0', '0', '1', 'Велюр', 'Гидро', '1', 'Все');
INSERT INTO PACKAGINGS (PACKAGING, MODEL, ENGINE_VOLUME, ENGINE_POWER, ENGINE_TYPE, BODY_TYPE, WHEEL_DRIVE, TRANSMISSION, ANTIBS, ASR, ON_BOARD_COMPUTER, RAIN_SENSOR, LIGHT_SENSOR, AIR_CONDITIONING_UNIT, CRUISE_CONTROL, XENON_HEADLAMPS, ALLOY_WHEELS, SUNROOF, MULTIMEDIA, HEATED_MIRRORS, HEATED_SEATS, HEADLIGHT_WASHER, SECURITY_SYSTEM, PARKTRONIC, INTERIOR, POWER_STEERING, CENTRAL_LOCK, POWER_WINDOWS) VALUES ('18621', 'Solano', 3844, 259, 'Бензин турбонаддув', 'Купе', 'Передний', 'Робот', '1', '0', '0', '1', '0', 'Климат 2-зонный', '0', '0', '1', '0', 'CD+NAVI+TV', '1', '1', '0', '1', '0', 'Кожа', 'Электро', '1', 'Передние');
INSERT INTO PACKAGINGS (PACKAGING, MODEL, ENGINE_VOLUME, ENGINE_POWER, ENGINE_TYPE, BODY_TYPE, WHEEL_DRIVE, TRANSMISSION, ANTIBS, ASR, ON_BOARD_COMPUTER, RAIN_SENSOR, LIGHT_SENSOR, AIR_CONDITIONING_UNIT, CRUISE_CONTROL, XENON_HEADLAMPS, ALLOY_WHEELS, SUNROOF, MULTIMEDIA, HEATED_MIRRORS, HEATED_SEATS, HEADLIGHT_WASHER, SECURITY_SYSTEM, PARKTRONIC, INTERIOR, POWER_STEERING, CENTRAL_LOCK, POWER_WINDOWS) VALUES ('248113229', 'CR-V', 4731, 94, 'Бензин турбонаддув', 'Внедорожник', 'Полный', 'Механическая', '0', '0', '0', '0', '0', 'Климат 3-зонный и выше', '0', '1', '0', '0', 'CD+NAVI', '1', '0', '0', '0', '1', 'Кожа', 'Гидро', '0', 'Передние');
INSERT INTO PACKAGINGS (PACKAGING, MODEL, ENGINE_VOLUME, ENGINE_POWER, ENGINE_TYPE, BODY_TYPE, WHEEL_DRIVE, TRANSMISSION, ANTIBS, ASR, ON_BOARD_COMPUTER, RAIN_SENSOR, LIGHT_SENSOR, AIR_CONDITIONING_UNIT, CRUISE_CONTROL, XENON_HEADLAMPS, ALLOY_WHEELS, SUNROOF, MULTIMEDIA, HEATED_MIRRORS, HEATED_SEATS, HEADLIGHT_WASHER, SECURITY_SYSTEM, PARKTRONIC, INTERIOR, POWER_STEERING, CENTRAL_LOCK, POWER_WINDOWS) VALUES ('405260892', 'CR-V', 2614, 177, 'Дизель турбонаддув', 'Кабриолет', 'Полный', 'Робот', '1', '0', '1', '0', '1', 'Климат 3-зонный и выше', '0', '0', '1', '0', 'CD+NAVI', '1', '0', '0', '1', '1', 'Ткань', 'Гидро', '0', 'Передние');
INSERT INTO PACKAGINGS (PACKAGING, MODEL, ENGINE_VOLUME, ENGINE_POWER, ENGINE_TYPE, BODY_TYPE, WHEEL_DRIVE, TRANSMISSION, ANTIBS, ASR, ON_BOARD_COMPUTER, RAIN_SENSOR, LIGHT_SENSOR, AIR_CONDITIONING_UNIT, CRUISE_CONTROL, XENON_HEADLAMPS, ALLOY_WHEELS, SUNROOF, MULTIMEDIA, HEATED_MIRRORS, HEATED_SEATS, HEADLIGHT_WASHER, SECURITY_SYSTEM, PARKTRONIC, INTERIOR, POWER_STEERING, CENTRAL_LOCK, POWER_WINDOWS) VALUES ('59158329', 'CAYENNE', 4710, 151, 'Бензин инжектор', 'Седан', 'Передний', 'Вариатор', '0', '0', '0', '1', '1', 'Климат 1-зонный', '0', '1', '0', '1', 'CD', '1', '1', '0', '0', '0', 'Кожа', 'Гидро', '1', 'Все');
INSERT INTO PACKAGINGS (PACKAGING, MODEL, ENGINE_VOLUME, ENGINE_POWER, ENGINE_TYPE, BODY_TYPE, WHEEL_DRIVE, TRANSMISSION, ANTIBS, ASR, ON_BOARD_COMPUTER, RAIN_SENSOR, LIGHT_SENSOR, AIR_CONDITIONING_UNIT, CRUISE_CONTROL, XENON_HEADLAMPS, ALLOY_WHEELS, SUNROOF, MULTIMEDIA, HEATED_MIRRORS, HEATED_SEATS, HEADLIGHT_WASHER, SECURITY_SYSTEM, PARKTRONIC, INTERIOR, POWER_STEERING, CENTRAL_LOCK, POWER_WINDOWS) VALUES ('3131316770', 'X6', 3301, 195, 'Дизель турбонаддув', 'Хэтчбек', 'Передний', 'Вариатор', '0', '0', '0', '0', '1', 'Климат 3-зонный и выше', '1', '0', '0', '1', 'CD+NAVI+TV', '0', '1', '1', '1', '1', 'Комбинированный', 'Электро', '0', 'Все');
INSERT INTO PACKAGINGS (PACKAGING, MODEL, ENGINE_VOLUME, ENGINE_POWER, ENGINE_TYPE, BODY_TYPE, WHEEL_DRIVE, TRANSMISSION, ANTIBS, ASR, ON_BOARD_COMPUTER, RAIN_SENSOR, LIGHT_SENSOR, AIR_CONDITIONING_UNIT, CRUISE_CONTROL, XENON_HEADLAMPS, ALLOY_WHEELS, SUNROOF, MULTIMEDIA, HEATED_MIRRORS, HEATED_SEATS, HEADLIGHT_WASHER, SECURITY_SYSTEM, PARKTRONIC, INTERIOR, POWER_STEERING, CENTRAL_LOCK, POWER_WINDOWS) VALUES ('1649935601', 'AVEO', 3973, 216, 'Бензин инжектор', 'Внедорожник', 'Полный', 'АКПП', '0', '1', '1', '0', '1', 'Климат 2-зонный', '0', '0', '1', '1', 'CD', '0', '0', '1', '0', '0', 'Велюр', 'Гидро', '0', 'Передние');
INSERT INTO PACKAGINGS (PACKAGING, MODEL, ENGINE_VOLUME, ENGINE_POWER, ENGINE_TYPE, BODY_TYPE, WHEEL_DRIVE, TRANSMISSION, ANTIBS, ASR, ON_BOARD_COMPUTER, RAIN_SENSOR, LIGHT_SENSOR, AIR_CONDITIONING_UNIT, CRUISE_CONTROL, XENON_HEADLAMPS, ALLOY_WHEELS, SUNROOF, MULTIMEDIA, HEATED_MIRRORS, HEATED_SEATS, HEADLIGHT_WASHER, SECURITY_SYSTEM, PARKTRONIC, INTERIOR, POWER_STEERING, CENTRAL_LOCK, POWER_WINDOWS) VALUES ('06111', 'RIO', 2196, 125, 'Бензин инжектор', 'Внедорожник', 'Передний', 'Вариатор', '0', '0', '0', '0', '0', 'Климат 3-зонный и выше', '1', '0', '1', '0', 'CD+NAVI', '0', '0', '0', '0', '1', 'Велюр', 'Гидро', '0', 'Все');
INSERT INTO PACKAGINGS (PACKAGING, MODEL, ENGINE_VOLUME, ENGINE_POWER, ENGINE_TYPE, BODY_TYPE, WHEEL_DRIVE, TRANSMISSION, ANTIBS, ASR, ON_BOARD_COMPUTER, RAIN_SENSOR, LIGHT_SENSOR, AIR_CONDITIONING_UNIT, CRUISE_CONTROL, XENON_HEADLAMPS, ALLOY_WHEELS, SUNROOF, MULTIMEDIA, HEATED_MIRRORS, HEATED_SEATS, HEADLIGHT_WASHER, SECURITY_SYSTEM, PARKTRONIC, INTERIOR, POWER_STEERING, CENTRAL_LOCK, POWER_WINDOWS) VALUES ('8289298707', 'Q5', 3752, 299, 'Дизель', 'Хэтчбек', 'Передний', 'Вариатор', '1', '1', '0', '0', '1', 'Климат 2-зонный', '1', '0', '0', '0', 'CD+NAVI', '1', '1', '0', '0', '0', 'Комбинированный', 'Электро', '0', 'Передние');
INSERT INTO PACKAGINGS (PACKAGING, MODEL, ENGINE_VOLUME, ENGINE_POWER, ENGINE_TYPE, BODY_TYPE, WHEEL_DRIVE, TRANSMISSION, ANTIBS, ASR, ON_BOARD_COMPUTER, RAIN_SENSOR, LIGHT_SENSOR, AIR_CONDITIONING_UNIT, CRUISE_CONTROL, XENON_HEADLAMPS, ALLOY_WHEELS, SUNROOF, MULTIMEDIA, HEATED_MIRRORS, HEATED_SEATS, HEADLIGHT_WASHER, SECURITY_SYSTEM, PARKTRONIC, INTERIOR, POWER_STEERING, CENTRAL_LOCK, POWER_WINDOWS) VALUES ('41058', 'AVEO', 3214, 246, 'Дизель турбонаддув', 'Купе', 'Полный', 'АКПП', '1', '1', '0', '1', '0', 'Климат 3-зонный и выше', '0', '0', '0', '0', 'CD+NAVI+TV', '0', '0', '1', '1', '0', 'Комбинированный', 'Электро', '1', 'Все');
INSERT INTO PACKAGINGS (PACKAGING, MODEL, ENGINE_VOLUME, ENGINE_POWER, ENGINE_TYPE, BODY_TYPE, WHEEL_DRIVE, TRANSMISSION, ANTIBS, ASR, ON_BOARD_COMPUTER, RAIN_SENSOR, LIGHT_SENSOR, AIR_CONDITIONING_UNIT, CRUISE_CONTROL, XENON_HEADLAMPS, ALLOY_WHEELS, SUNROOF, MULTIMEDIA, HEATED_MIRRORS, HEATED_SEATS, HEADLIGHT_WASHER, SECURITY_SYSTEM, PARKTRONIC, INTERIOR, POWER_STEERING, CENTRAL_LOCK, POWER_WINDOWS) VALUES ('6345423', 'AVEO', 1010, 118, 'Бензин компрессор', 'Родстер', 'Передний', 'Вариатор', '1', '1', '1', '0', '0', 'Климат 1-зонный', '1', '0', '1', '1', 'CD+NAVI+TV', '1', '0', '1', '1', '0', 'Ткань', 'Гидро', '0', 'Передние');
INSERT INTO PACKAGINGS (PACKAGING, MODEL, ENGINE_VOLUME, ENGINE_POWER, ENGINE_TYPE, BODY_TYPE, WHEEL_DRIVE, TRANSMISSION, ANTIBS, ASR, ON_BOARD_COMPUTER, RAIN_SENSOR, LIGHT_SENSOR, AIR_CONDITIONING_UNIT, CRUISE_CONTROL, XENON_HEADLAMPS, ALLOY_WHEELS, SUNROOF, MULTIMEDIA, HEATED_MIRRORS, HEATED_SEATS, HEADLIGHT_WASHER, SECURITY_SYSTEM, PARKTRONIC, INTERIOR, POWER_STEERING, CENTRAL_LOCK, POWER_WINDOWS) VALUES ('566834', 'Leon', 1298, 107, 'Дизель', 'Родстер', 'Задний', 'Робот', '0', '0', '1', '1', '1', 'Климат 2-зонный', '1', '0', '0', '1', 'CD+NAVI', '1', '0', '1', '1', '0', 'Кожа', 'Гидро', '1', 'Передние');
INSERT INTO PACKAGINGS (PACKAGING, MODEL, ENGINE_VOLUME, ENGINE_POWER, ENGINE_TYPE, BODY_TYPE, WHEEL_DRIVE, TRANSMISSION, ANTIBS, ASR, ON_BOARD_COMPUTER, RAIN_SENSOR, LIGHT_SENSOR, AIR_CONDITIONING_UNIT, CRUISE_CONTROL, XENON_HEADLAMPS, ALLOY_WHEELS, SUNROOF, MULTIMEDIA, HEATED_MIRRORS, HEATED_SEATS, HEADLIGHT_WASHER, SECURITY_SYSTEM, PARKTRONIC, INTERIOR, POWER_STEERING, CENTRAL_LOCK, POWER_WINDOWS) VALUES ('3828105142', 'PATROL', 4602, 176, 'Бензин компрессор', 'Пикап', 'Передний', 'Механическая', '1', '0', '1', '1', '1', 'Климат 3-зонный и выше', '0', '1', '0', '0', 'CD', '1', '0', '1', '1', '0', 'Кожа', 'Электро', '0', 'Передние');
INSERT INTO PACKAGINGS (PACKAGING, MODEL, ENGINE_VOLUME, ENGINE_POWER, ENGINE_TYPE, BODY_TYPE, WHEEL_DRIVE, TRANSMISSION, ANTIBS, ASR, ON_BOARD_COMPUTER, RAIN_SENSOR, LIGHT_SENSOR, AIR_CONDITIONING_UNIT, CRUISE_CONTROL, XENON_HEADLAMPS, ALLOY_WHEELS, SUNROOF, MULTIMEDIA, HEATED_MIRRORS, HEATED_SEATS, HEADLIGHT_WASHER, SECURITY_SYSTEM, PARKTRONIC, INTERIOR, POWER_STEERING, CENTRAL_LOCK, POWER_WINDOWS) VALUES ('5081314', '307', 3757, 166, 'Дизель', 'Универсал', 'Задний', 'Вариатор', '0', '0', '1', '1', '1', 'Климат 1-зонный', '1', '1', '0', '0', 'CD', '1', '0', '1', '0', '0', 'Велюр', 'Электро', '1', 'Все');
INSERT INTO PACKAGINGS (PACKAGING, MODEL, ENGINE_VOLUME, ENGINE_POWER, ENGINE_TYPE, BODY_TYPE, WHEEL_DRIVE, TRANSMISSION, ANTIBS, ASR, ON_BOARD_COMPUTER, RAIN_SENSOR, LIGHT_SENSOR, AIR_CONDITIONING_UNIT, CRUISE_CONTROL, XENON_HEADLAMPS, ALLOY_WHEELS, SUNROOF, MULTIMEDIA, HEATED_MIRRORS, HEATED_SEATS, HEADLIGHT_WASHER, SECURITY_SYSTEM, PARKTRONIC, INTERIOR, POWER_STEERING, CENTRAL_LOCK, POWER_WINDOWS) VALUES ('78485', 'PATROL', 3887, 192, 'Бензин инжектор', 'Внедорожник', 'Задний', 'Робот', '0', '0', '1', '0', '0', 'Климат 3-зонный и выше', '0', '1', '1', '0', 'CD+NAVI+TV', '0', '1', '0', '0', '0', 'Ткань', 'Гидро', '1', 'Все');
INSERT INTO PACKAGINGS (PACKAGING, MODEL, ENGINE_VOLUME, ENGINE_POWER, ENGINE_TYPE, BODY_TYPE, WHEEL_DRIVE, TRANSMISSION, ANTIBS, ASR, ON_BOARD_COMPUTER, RAIN_SENSOR, LIGHT_SENSOR, AIR_CONDITIONING_UNIT, CRUISE_CONTROL, XENON_HEADLAMPS, ALLOY_WHEELS, SUNROOF, MULTIMEDIA, HEATED_MIRRORS, HEATED_SEATS, HEADLIGHT_WASHER, SECURITY_SYSTEM, PARKTRONIC, INTERIOR, POWER_STEERING, CENTRAL_LOCK, POWER_WINDOWS) VALUES ('8813659', 'Mx-5', 4720, 201, 'Дизель турбонаддув', 'Универсал', 'Передний', 'Робот', '0', '1', '1', '1', '0', 'Климат 3-зонный и выше', '1', '0', '0', '0', 'CD+NAVI+TV', '1', '0', '0', '0', '0', 'Кожа', 'Электро', '1', 'Передние');
INSERT INTO PACKAGINGS (PACKAGING, MODEL, ENGINE_VOLUME, ENGINE_POWER, ENGINE_TYPE, BODY_TYPE, WHEEL_DRIVE, TRANSMISSION, ANTIBS, ASR, ON_BOARD_COMPUTER, RAIN_SENSOR, LIGHT_SENSOR, AIR_CONDITIONING_UNIT, CRUISE_CONTROL, XENON_HEADLAMPS, ALLOY_WHEELS, SUNROOF, MULTIMEDIA, HEATED_MIRRORS, HEATED_SEATS, HEADLIGHT_WASHER, SECURITY_SYSTEM, PARKTRONIC, INTERIOR, POWER_STEERING, CENTRAL_LOCK, POWER_WINDOWS) VALUES ('961017568', 'IMPREZA', 3581, 231, 'Дизель', 'Родстер', 'Передний', 'Вариатор', '0', '1', '1', '0', '0', 'Климат 1-зонный', '1', '0', '1', '0', 'CD+NAVI+TV', '0', '0', '1', '1', '0', 'Кожа', 'Гидро', '1', 'Передние');
INSERT INTO PACKAGINGS (PACKAGING, MODEL, ENGINE_VOLUME, ENGINE_POWER, ENGINE_TYPE, BODY_TYPE, WHEEL_DRIVE, TRANSMISSION, ANTIBS, ASR, ON_BOARD_COMPUTER, RAIN_SENSOR, LIGHT_SENSOR, AIR_CONDITIONING_UNIT, CRUISE_CONTROL, XENON_HEADLAMPS, ALLOY_WHEELS, SUNROOF, MULTIMEDIA, HEATED_MIRRORS, HEATED_SEATS, HEADLIGHT_WASHER, SECURITY_SYSTEM, PARKTRONIC, INTERIOR, POWER_STEERING, CENTRAL_LOCK, POWER_WINDOWS) VALUES ('36773', 'GRAND VITARA', 1344, 234, 'Дизель', 'Родстер', 'Задний', 'Механическая', '0', '1', '0', '0', '0', 'Климат 1-зонный', '1', '1', '1', '0', 'CD+NAVI+TV', '0', '1', '1', '1', '1', 'Комбинированный', 'Электро', '0', 'Передние');
INSERT INTO PACKAGINGS (PACKAGING, MODEL, ENGINE_VOLUME, ENGINE_POWER, ENGINE_TYPE, BODY_TYPE, WHEEL_DRIVE, TRANSMISSION, ANTIBS, ASR, ON_BOARD_COMPUTER, RAIN_SENSOR, LIGHT_SENSOR, AIR_CONDITIONING_UNIT, CRUISE_CONTROL, XENON_HEADLAMPS, ALLOY_WHEELS, SUNROOF, MULTIMEDIA, HEATED_MIRRORS, HEATED_SEATS, HEADLIGHT_WASHER, SECURITY_SYSTEM, PARKTRONIC, INTERIOR, POWER_STEERING, CENTRAL_LOCK, POWER_WINDOWS) VALUES ('6928346027', 'CAMRY', 1999, 175, 'Бензин компрессор', 'Родстер', 'Полный', 'Робот', '1', '1', '1', '1', '1', 'Климат 3-зонный и выше', '1', '1', '1', '0', 'CD+NAVI', '1', '1', '0', '1', '0', 'Ткань', 'Электро', '1', 'Все');
INSERT INTO PACKAGINGS (PACKAGING, MODEL, ENGINE_VOLUME, ENGINE_POWER, ENGINE_TYPE, BODY_TYPE, WHEEL_DRIVE, TRANSMISSION, ANTIBS, ASR, ON_BOARD_COMPUTER, RAIN_SENSOR, LIGHT_SENSOR, AIR_CONDITIONING_UNIT, CRUISE_CONTROL, XENON_HEADLAMPS, ALLOY_WHEELS, SUNROOF, MULTIMEDIA, HEATED_MIRRORS, HEATED_SEATS, HEADLIGHT_WASHER, SECURITY_SYSTEM, PARKTRONIC, INTERIOR, POWER_STEERING, CENTRAL_LOCK, POWER_WINDOWS) VALUES ('79515', 'FORESTER', 4193, 135, 'Бензин турбонаддув', 'Седан', 'Полный', 'Вариатор', '0', '1', '1', '1', '1', 'Климат 2-зонный', '0', '1', '0', '0', 'CD+NAVI+TV', '1', '0', '1', '0', '0', 'Комбинированный', 'Гидро', '0', 'Передние');
INSERT INTO PACKAGINGS (PACKAGING, MODEL, ENGINE_VOLUME, ENGINE_POWER, ENGINE_TYPE, BODY_TYPE, WHEEL_DRIVE, TRANSMISSION, ANTIBS, ASR, ON_BOARD_COMPUTER, RAIN_SENSOR, LIGHT_SENSOR, AIR_CONDITIONING_UNIT, CRUISE_CONTROL, XENON_HEADLAMPS, ALLOY_WHEELS, SUNROOF, MULTIMEDIA, HEATED_MIRRORS, HEATED_SEATS, HEADLIGHT_WASHER, SECURITY_SYSTEM, PARKTRONIC, INTERIOR, POWER_STEERING, CENTRAL_LOCK, POWER_WINDOWS) VALUES ('6749867', 'Solano', 1902, 246, 'Бензин турбонаддув', 'Родстер', 'Задний', 'Механическая', '1', '0', '1', '0', '0', 'Климат 2-зонный', '0', '1', '0', '0', 'CD+NAVI', '0', '0', '1', '0', '1', 'Комбинированный', 'Гидро', '0', 'Все');
INSERT INTO PACKAGINGS (PACKAGING, MODEL, ENGINE_VOLUME, ENGINE_POWER, ENGINE_TYPE, BODY_TYPE, WHEEL_DRIVE, TRANSMISSION, ANTIBS, ASR, ON_BOARD_COMPUTER, RAIN_SENSOR, LIGHT_SENSOR, AIR_CONDITIONING_UNIT, CRUISE_CONTROL, XENON_HEADLAMPS, ALLOY_WHEELS, SUNROOF, MULTIMEDIA, HEATED_MIRRORS, HEATED_SEATS, HEADLIGHT_WASHER, SECURITY_SYSTEM, PARKTRONIC, INTERIOR, POWER_STEERING, CENTRAL_LOCK, POWER_WINDOWS) VALUES ('40046444', 'DEER', 4722, 137, 'Бензин инжектор', 'Кабриолет', 'Передний', 'АКПП', '0', '1', '0', '1', '0', 'Климат 2-зонный', '1', '0', '1', '1', 'CD+NAVI', '0', '0', '1', '0', '0', 'Кожа', 'Гидро', '1', 'Передние');
INSERT INTO PACKAGINGS (PACKAGING, MODEL, ENGINE_VOLUME, ENGINE_POWER, ENGINE_TYPE, BODY_TYPE, WHEEL_DRIVE, TRANSMISSION, ANTIBS, ASR, ON_BOARD_COMPUTER, RAIN_SENSOR, LIGHT_SENSOR, AIR_CONDITIONING_UNIT, CRUISE_CONTROL, XENON_HEADLAMPS, ALLOY_WHEELS, SUNROOF, MULTIMEDIA, HEATED_MIRRORS, HEATED_SEATS, HEADLIGHT_WASHER, SECURITY_SYSTEM, PARKTRONIC, INTERIOR, POWER_STEERING, CENTRAL_LOCK, POWER_WINDOWS) VALUES ('271686177', 'GL 350', 1968, 97, 'Дизель', 'Родстер', 'Задний', 'Механическая', '0', '0', '0', '1', '1', 'Климат 1-зонный', '0', '0', '1', '0', 'CD+NAVI', '1', '1', '1', '1', '1', 'Ткань', 'Гидро', '0', 'Все');
INSERT INTO PACKAGINGS (PACKAGING, MODEL, ENGINE_VOLUME, ENGINE_POWER, ENGINE_TYPE, BODY_TYPE, WHEEL_DRIVE, TRANSMISSION, ANTIBS, ASR, ON_BOARD_COMPUTER, RAIN_SENSOR, LIGHT_SENSOR, AIR_CONDITIONING_UNIT, CRUISE_CONTROL, XENON_HEADLAMPS, ALLOY_WHEELS, SUNROOF, MULTIMEDIA, HEATED_MIRRORS, HEATED_SEATS, HEADLIGHT_WASHER, SECURITY_SYSTEM, PARKTRONIC, INTERIOR, POWER_STEERING, CENTRAL_LOCK, POWER_WINDOWS) VALUES ('413164547', 'AVEO', 4326, 213, 'Бензин инжектор', 'Родстер', 'Задний', 'Вариатор', '0', '0', '1', '1', '0', 'Климат 1-зонный', '1', '1', '1', '0', 'CD', '0', '1', '1', '0', '1', 'Комбинированный', 'Гидро', '1', 'Передние');
INSERT INTO PACKAGINGS (PACKAGING, MODEL, ENGINE_VOLUME, ENGINE_POWER, ENGINE_TYPE, BODY_TYPE, WHEEL_DRIVE, TRANSMISSION, ANTIBS, ASR, ON_BOARD_COMPUTER, RAIN_SENSOR, LIGHT_SENSOR, AIR_CONDITIONING_UNIT, CRUISE_CONTROL, XENON_HEADLAMPS, ALLOY_WHEELS, SUNROOF, MULTIMEDIA, HEATED_MIRRORS, HEATED_SEATS, HEADLIGHT_WASHER, SECURITY_SYSTEM, PARKTRONIC, INTERIOR, POWER_STEERING, CENTRAL_LOCK, POWER_WINDOWS) VALUES ('63959', 'A6', 2469, 94, 'Бензин турбонаддув', 'Родстер', 'Задний', 'Робот', '1', '0', '1', '0', '1', 'Климат 3-зонный и выше', '0', '1', '0', '0', 'CD+NAVI', '0', '1', '1', '1', '0', 'Кожа', 'Гидро', '1', 'Все');
INSERT INTO PACKAGINGS (PACKAGING, MODEL, ENGINE_VOLUME, ENGINE_POWER, ENGINE_TYPE, BODY_TYPE, WHEEL_DRIVE, TRANSMISSION, ANTIBS, ASR, ON_BOARD_COMPUTER, RAIN_SENSOR, LIGHT_SENSOR, AIR_CONDITIONING_UNIT, CRUISE_CONTROL, XENON_HEADLAMPS, ALLOY_WHEELS, SUNROOF, MULTIMEDIA, HEATED_MIRRORS, HEATED_SEATS, HEADLIGHT_WASHER, SECURITY_SYSTEM, PARKTRONIC, INTERIOR, POWER_STEERING, CENTRAL_LOCK, POWER_WINDOWS) VALUES ('7574988889', 'PAJERO', 3203, 121, 'Бензин турбонаддув', 'Седан', 'Передний', 'Вариатор', '0', '0', '0', '0', '1', 'Климат 2-зонный', '1', '1', '1', '1', 'CD+NAVI+TV', '0', '1', '1', '1', '0', 'Ткань', 'Электро', '1', 'Все');
INSERT INTO PACKAGINGS (PACKAGING, MODEL, ENGINE_VOLUME, ENGINE_POWER, ENGINE_TYPE, BODY_TYPE, WHEEL_DRIVE, TRANSMISSION, ANTIBS, ASR, ON_BOARD_COMPUTER, RAIN_SENSOR, LIGHT_SENSOR, AIR_CONDITIONING_UNIT, CRUISE_CONTROL, XENON_HEADLAMPS, ALLOY_WHEELS, SUNROOF, MULTIMEDIA, HEATED_MIRRORS, HEATED_SEATS, HEADLIGHT_WASHER, SECURITY_SYSTEM, PARKTRONIC, INTERIOR, POWER_STEERING, CENTRAL_LOCK, POWER_WINDOWS) VALUES ('2857618373', '9-5', 2350, 160, 'Бензин компрессор', 'Универсал', 'Полный', 'Механическая', '1', '0', '1', '1', '0', 'Климат 2-зонный', '1', '1', '1', '0', 'CD', '1', '0', '0', '0', '1', 'Кожа', 'Электро', '1', 'Все');
INSERT INTO PACKAGINGS (PACKAGING, MODEL, ENGINE_VOLUME, ENGINE_POWER, ENGINE_TYPE, BODY_TYPE, WHEEL_DRIVE, TRANSMISSION, ANTIBS, ASR, ON_BOARD_COMPUTER, RAIN_SENSOR, LIGHT_SENSOR, AIR_CONDITIONING_UNIT, CRUISE_CONTROL, XENON_HEADLAMPS, ALLOY_WHEELS, SUNROOF, MULTIMEDIA, HEATED_MIRRORS, HEATED_SEATS, HEADLIGHT_WASHER, SECURITY_SYSTEM, PARKTRONIC, INTERIOR, POWER_STEERING, CENTRAL_LOCK, POWER_WINDOWS) VALUES ('47110', 'LARGUS', 1184, 146, 'Дизель', 'Внедорожник', 'Передний', 'Робот', '0', '0', '1', '0', '0', 'Климат 1-зонный', '0', '0', '0', '0', 'CD', '1', '1', '1', '1', '1', 'Кожа', 'Гидро', '0', 'Передние');
INSERT INTO PACKAGINGS (PACKAGING, MODEL, ENGINE_VOLUME, ENGINE_POWER, ENGINE_TYPE, BODY_TYPE, WHEEL_DRIVE, TRANSMISSION, ANTIBS, ASR, ON_BOARD_COMPUTER, RAIN_SENSOR, LIGHT_SENSOR, AIR_CONDITIONING_UNIT, CRUISE_CONTROL, XENON_HEADLAMPS, ALLOY_WHEELS, SUNROOF, MULTIMEDIA, HEATED_MIRRORS, HEATED_SEATS, HEADLIGHT_WASHER, SECURITY_SYSTEM, PARKTRONIC, INTERIOR, POWER_STEERING, CENTRAL_LOCK, POWER_WINDOWS) VALUES ('759932344', 'YETI', 3206, 84, 'Дизель', 'Купе', 'Передний', 'Вариатор', '1', '0', '1', '0', '1', 'Климат 3-зонный и выше', '1', '0', '1', '0', 'CD', '1', '0', '1', '0', '1', 'Кожа', 'Гидро', '0', 'Все');
INSERT INTO PACKAGINGS (PACKAGING, MODEL, ENGINE_VOLUME, ENGINE_POWER, ENGINE_TYPE, BODY_TYPE, WHEEL_DRIVE, TRANSMISSION, ANTIBS, ASR, ON_BOARD_COMPUTER, RAIN_SENSOR, LIGHT_SENSOR, AIR_CONDITIONING_UNIT, CRUISE_CONTROL, XENON_HEADLAMPS, ALLOY_WHEELS, SUNROOF, MULTIMEDIA, HEATED_MIRRORS, HEATED_SEATS, HEADLIGHT_WASHER, SECURITY_SYSTEM, PARKTRONIC, INTERIOR, POWER_STEERING, CENTRAL_LOCK, POWER_WINDOWS) VALUES ('5878488', 'Solano', 3312, 152, 'Бензин инжектор', 'Кабриолет', 'Передний', 'Робот', '1', '0', '0', '1', '0', 'Климат 3-зонный и выше', '1', '0', '1', '1', 'CD+NAVI+TV', '1', '0', '0', '0', '1', 'Велюр', 'Гидро', '0', 'Все');
INSERT INTO PACKAGINGS (PACKAGING, MODEL, ENGINE_VOLUME, ENGINE_POWER, ENGINE_TYPE, BODY_TYPE, WHEEL_DRIVE, TRANSMISSION, ANTIBS, ASR, ON_BOARD_COMPUTER, RAIN_SENSOR, LIGHT_SENSOR, AIR_CONDITIONING_UNIT, CRUISE_CONTROL, XENON_HEADLAMPS, ALLOY_WHEELS, SUNROOF, MULTIMEDIA, HEATED_MIRRORS, HEATED_SEATS, HEADLIGHT_WASHER, SECURITY_SYSTEM, PARKTRONIC, INTERIOR, POWER_STEERING, CENTRAL_LOCK, POWER_WINDOWS) VALUES ('4464437774', '3110', 2606, 148, 'Бензин турбонаддув', 'Купе', 'Задний', 'АКПП', '0', '1', '1', '0', '1', 'Климат 1-зонный', '0', '0', '0', '0', 'CD+NAVI', '1', '1', '1', '0', '1', 'Кожа', 'Электро', '1', 'Все');
INSERT INTO PACKAGINGS (PACKAGING, MODEL, ENGINE_VOLUME, ENGINE_POWER, ENGINE_TYPE, BODY_TYPE, WHEEL_DRIVE, TRANSMISSION, ANTIBS, ASR, ON_BOARD_COMPUTER, RAIN_SENSOR, LIGHT_SENSOR, AIR_CONDITIONING_UNIT, CRUISE_CONTROL, XENON_HEADLAMPS, ALLOY_WHEELS, SUNROOF, MULTIMEDIA, HEATED_MIRRORS, HEATED_SEATS, HEADLIGHT_WASHER, SECURITY_SYSTEM, PARKTRONIC, INTERIOR, POWER_STEERING, CENTRAL_LOCK, POWER_WINDOWS) VALUES ('693854', 'XC90', 3476, 264, 'Бензин компрессор', 'Родстер', 'Задний', 'Вариатор', '1', '0', '1', '1', '1', 'Климат 3-зонный и выше', '1', '1', '0', '1', 'CD+NAVI', '1', '1', '0', '0', '1', 'Ткань', 'Гидро', '0', 'Все');
INSERT INTO PACKAGINGS (PACKAGING, MODEL, ENGINE_VOLUME, ENGINE_POWER, ENGINE_TYPE, BODY_TYPE, WHEEL_DRIVE, TRANSMISSION, ANTIBS, ASR, ON_BOARD_COMPUTER, RAIN_SENSOR, LIGHT_SENSOR, AIR_CONDITIONING_UNIT, CRUISE_CONTROL, XENON_HEADLAMPS, ALLOY_WHEELS, SUNROOF, MULTIMEDIA, HEATED_MIRRORS, HEATED_SEATS, HEADLIGHT_WASHER, SECURITY_SYSTEM, PARKTRONIC, INTERIOR, POWER_STEERING, CENTRAL_LOCK, POWER_WINDOWS) VALUES ('984478437', '4008', 4695, 188, 'Бензин компрессор', 'Купе', 'Полный', 'Вариатор', '0', '1', '0', '0', '0', 'Климат 2-зонный', '0', '1', '1', '0', 'CD+NAVI', '0', '0', '0', '0', '0', 'Комбинированный', 'Электро', '0', 'Передние');
INSERT INTO PACKAGINGS (PACKAGING, MODEL, ENGINE_VOLUME, ENGINE_POWER, ENGINE_TYPE, BODY_TYPE, WHEEL_DRIVE, TRANSMISSION, ANTIBS, ASR, ON_BOARD_COMPUTER, RAIN_SENSOR, LIGHT_SENSOR, AIR_CONDITIONING_UNIT, CRUISE_CONTROL, XENON_HEADLAMPS, ALLOY_WHEELS, SUNROOF, MULTIMEDIA, HEATED_MIRRORS, HEATED_SEATS, HEADLIGHT_WASHER, SECURITY_SYSTEM, PARKTRONIC, INTERIOR, POWER_STEERING, CENTRAL_LOCK, POWER_WINDOWS) VALUES ('896701232', 'XJ220', 4105, 153, 'Дизель', 'Седан', 'Передний', 'Механическая', '0', '1', '0', '0', '1', 'Климат 1-зонный', '1', '1', '0', '0', 'CD+NAVI+TV', '0', '0', '1', '0', '0', 'Комбинированный', 'Гидро', '1', 'Все');
INSERT INTO PACKAGINGS (PACKAGING, MODEL, ENGINE_VOLUME, ENGINE_POWER, ENGINE_TYPE, BODY_TYPE, WHEEL_DRIVE, TRANSMISSION, ANTIBS, ASR, ON_BOARD_COMPUTER, RAIN_SENSOR, LIGHT_SENSOR, AIR_CONDITIONING_UNIT, CRUISE_CONTROL, XENON_HEADLAMPS, ALLOY_WHEELS, SUNROOF, MULTIMEDIA, HEATED_MIRRORS, HEATED_SEATS, HEADLIGHT_WASHER, SECURITY_SYSTEM, PARKTRONIC, INTERIOR, POWER_STEERING, CENTRAL_LOCK, POWER_WINDOWS) VALUES ('0978572092', 'Q5', 2109, 199, 'Дизель', 'Кабриолет', 'Передний', 'АКПП', '1', '1', '1', '0', '0', 'Климат 2-зонный', '1', '1', '0', '0', 'CD+NAVI+TV', '1', '1', '0', '1', '0', 'Ткань', 'Гидро', '0', 'Передние');
INSERT INTO PACKAGINGS (PACKAGING, MODEL, ENGINE_VOLUME, ENGINE_POWER, ENGINE_TYPE, BODY_TYPE, WHEEL_DRIVE, TRANSMISSION, ANTIBS, ASR, ON_BOARD_COMPUTER, RAIN_SENSOR, LIGHT_SENSOR, AIR_CONDITIONING_UNIT, CRUISE_CONTROL, XENON_HEADLAMPS, ALLOY_WHEELS, SUNROOF, MULTIMEDIA, HEATED_MIRRORS, HEATED_SEATS, HEADLIGHT_WASHER, SECURITY_SYSTEM, PARKTRONIC, INTERIOR, POWER_STEERING, CENTRAL_LOCK, POWER_WINDOWS) VALUES ('3038587', 'Siber', 3860, 258, 'Бензин турбонаддув', 'Пикап', 'Передний', 'АКПП', '0', '1', '1', '1', '1', 'Климат 2-зонный', '0', '1', '0', '0', 'CD+NAVI+TV', '0', '1', '0', '1', '0', 'Велюр', 'Электро', '0', 'Все');
INSERT INTO PACKAGINGS (PACKAGING, MODEL, ENGINE_VOLUME, ENGINE_POWER, ENGINE_TYPE, BODY_TYPE, WHEEL_DRIVE, TRANSMISSION, ANTIBS, ASR, ON_BOARD_COMPUTER, RAIN_SENSOR, LIGHT_SENSOR, AIR_CONDITIONING_UNIT, CRUISE_CONTROL, XENON_HEADLAMPS, ALLOY_WHEELS, SUNROOF, MULTIMEDIA, HEATED_MIRRORS, HEATED_SEATS, HEADLIGHT_WASHER, SECURITY_SYSTEM, PARKTRONIC, INTERIOR, POWER_STEERING, CENTRAL_LOCK, POWER_WINDOWS) VALUES ('0433055', 'SWIFT', 4811, 82, 'Дизель', 'Седан', 'Задний', 'Робот', '1', '0', '1', '1', '1', 'Климат 1-зонный', '1', '1', '0', '1', 'CD', '1', '1', '0', '0', '1', 'Ткань', 'Электро', '0', 'Все');
INSERT INTO PACKAGINGS (PACKAGING, MODEL, ENGINE_VOLUME, ENGINE_POWER, ENGINE_TYPE, BODY_TYPE, WHEEL_DRIVE, TRANSMISSION, ANTIBS, ASR, ON_BOARD_COMPUTER, RAIN_SENSOR, LIGHT_SENSOR, AIR_CONDITIONING_UNIT, CRUISE_CONTROL, XENON_HEADLAMPS, ALLOY_WHEELS, SUNROOF, MULTIMEDIA, HEATED_MIRRORS, HEATED_SEATS, HEADLIGHT_WASHER, SECURITY_SYSTEM, PARKTRONIC, INTERIOR, POWER_STEERING, CENTRAL_LOCK, POWER_WINDOWS) VALUES ('9403857660', 'GL 350', 2591, 242, 'Бензин инжектор', 'Родстер', 'Задний', 'АКПП', '1', '1', '0', '1', '1', 'Климат 3-зонный и выше', '0', '1', '0', '1', 'CD', '0', '1', '1', '1', '0', 'Ткань', 'Электро', '1', 'Передние');
INSERT INTO PACKAGINGS (PACKAGING, MODEL, ENGINE_VOLUME, ENGINE_POWER, ENGINE_TYPE, BODY_TYPE, WHEEL_DRIVE, TRANSMISSION, ANTIBS, ASR, ON_BOARD_COMPUTER, RAIN_SENSOR, LIGHT_SENSOR, AIR_CONDITIONING_UNIT, CRUISE_CONTROL, XENON_HEADLAMPS, ALLOY_WHEELS, SUNROOF, MULTIMEDIA, HEATED_MIRRORS, HEATED_SEATS, HEADLIGHT_WASHER, SECURITY_SYSTEM, PARKTRONIC, INTERIOR, POWER_STEERING, CENTRAL_LOCK, POWER_WINDOWS) VALUES ('0957850104', 'CORSA', 4366, 107, 'Бензин инжектор', 'Родстер', 'Передний', 'АКПП', '0', '0', '0', '1', '0', 'Климат 1-зонный', '0', '1', '0', '0', 'CD+NAVI+TV', '1', '1', '1', '0', '1', 'Кожа', 'Электро', '0', 'Все');
INSERT INTO PACKAGINGS (PACKAGING, MODEL, ENGINE_VOLUME, ENGINE_POWER, ENGINE_TYPE, BODY_TYPE, WHEEL_DRIVE, TRANSMISSION, ANTIBS, ASR, ON_BOARD_COMPUTER, RAIN_SENSOR, LIGHT_SENSOR, AIR_CONDITIONING_UNIT, CRUISE_CONTROL, XENON_HEADLAMPS, ALLOY_WHEELS, SUNROOF, MULTIMEDIA, HEATED_MIRRORS, HEATED_SEATS, HEADLIGHT_WASHER, SECURITY_SYSTEM, PARKTRONIC, INTERIOR, POWER_STEERING, CENTRAL_LOCK, POWER_WINDOWS) VALUES ('969057', 'GRAND VITARA', 1308, 122, 'Бензин компрессор', 'Хэтчбек', 'Полный', 'Механическая', '1', '1', '1', '1', '1', 'Климат 1-зонный', '0', '1', '0', '1', 'CD+NAVI', '1', '0', '0', '0', '1', 'Велюр', 'Гидро', '0', 'Все');
INSERT INTO PACKAGINGS (PACKAGING, MODEL, ENGINE_VOLUME, ENGINE_POWER, ENGINE_TYPE, BODY_TYPE, WHEEL_DRIVE, TRANSMISSION, ANTIBS, ASR, ON_BOARD_COMPUTER, RAIN_SENSOR, LIGHT_SENSOR, AIR_CONDITIONING_UNIT, CRUISE_CONTROL, XENON_HEADLAMPS, ALLOY_WHEELS, SUNROOF, MULTIMEDIA, HEATED_MIRRORS, HEATED_SEATS, HEADLIGHT_WASHER, SECURITY_SYSTEM, PARKTRONIC, INTERIOR, POWER_STEERING, CENTRAL_LOCK, POWER_WINDOWS) VALUES ('11433093', '9-5', 2716, 162, 'Бензин компрессор', 'Купе', 'Передний', 'Механическая', '1', '0', '1', '1', '0', 'Климат 1-зонный', '1', '1', '0', '0', 'CD+NAVI+TV', '1', '0', '0', '1', '0', 'Ткань', 'Электро', '0', 'Все');
INSERT INTO PACKAGINGS (PACKAGING, MODEL, ENGINE_VOLUME, ENGINE_POWER, ENGINE_TYPE, BODY_TYPE, WHEEL_DRIVE, TRANSMISSION, ANTIBS, ASR, ON_BOARD_COMPUTER, RAIN_SENSOR, LIGHT_SENSOR, AIR_CONDITIONING_UNIT, CRUISE_CONTROL, XENON_HEADLAMPS, ALLOY_WHEELS, SUNROOF, MULTIMEDIA, HEATED_MIRRORS, HEATED_SEATS, HEADLIGHT_WASHER, SECURITY_SYSTEM, PARKTRONIC, INTERIOR, POWER_STEERING, CENTRAL_LOCK, POWER_WINDOWS) VALUES ('87692', 'PATROL', 3595, 209, 'Бензин турбонаддув', 'Родстер', 'Передний', 'Механическая', '0', '0', '0', '1', '0', 'Климат 2-зонный', '0', '1', '1', '1', 'CD+NAVI+TV', '1', '0', '1', '0', '0', 'Комбинированный', 'Гидро', '0', 'Все');
INSERT INTO PACKAGINGS (PACKAGING, MODEL, ENGINE_VOLUME, ENGINE_POWER, ENGINE_TYPE, BODY_TYPE, WHEEL_DRIVE, TRANSMISSION, ANTIBS, ASR, ON_BOARD_COMPUTER, RAIN_SENSOR, LIGHT_SENSOR, AIR_CONDITIONING_UNIT, CRUISE_CONTROL, XENON_HEADLAMPS, ALLOY_WHEELS, SUNROOF, MULTIMEDIA, HEATED_MIRRORS, HEATED_SEATS, HEADLIGHT_WASHER, SECURITY_SYSTEM, PARKTRONIC, INTERIOR, POWER_STEERING, CENTRAL_LOCK, POWER_WINDOWS) VALUES ('318953', 'IMPREZA', 1673, 209, 'Дизель турбонаддув', 'Кабриолет', 'Задний', 'Вариатор', '0', '0', '0', '1', '1', 'Климат 3-зонный и выше', '1', '1', '0', '1', 'CD+NAVI+TV', '1', '1', '1', '0', '0', 'Комбинированный', 'Гидро', '1', 'Все');
INSERT INTO PACKAGINGS (PACKAGING, MODEL, ENGINE_VOLUME, ENGINE_POWER, ENGINE_TYPE, BODY_TYPE, WHEEL_DRIVE, TRANSMISSION, ANTIBS, ASR, ON_BOARD_COMPUTER, RAIN_SENSOR, LIGHT_SENSOR, AIR_CONDITIONING_UNIT, CRUISE_CONTROL, XENON_HEADLAMPS, ALLOY_WHEELS, SUNROOF, MULTIMEDIA, HEATED_MIRRORS, HEATED_SEATS, HEADLIGHT_WASHER, SECURITY_SYSTEM, PARKTRONIC, INTERIOR, POWER_STEERING, CENTRAL_LOCK, POWER_WINDOWS) VALUES ('4572140', 'C6', 4957, 85, 'Бензин инжектор', 'Пикап', 'Задний', 'Механическая', '1', '1', '0', '1', '1', 'Климат 1-зонный', '0', '0', '1', '1', 'CD', '1', '0', '1', '0', '1', 'Кожа', 'Электро', '0', 'Передние');
INSERT INTO PACKAGINGS (PACKAGING, MODEL, ENGINE_VOLUME, ENGINE_POWER, ENGINE_TYPE, BODY_TYPE, WHEEL_DRIVE, TRANSMISSION, ANTIBS, ASR, ON_BOARD_COMPUTER, RAIN_SENSOR, LIGHT_SENSOR, AIR_CONDITIONING_UNIT, CRUISE_CONTROL, XENON_HEADLAMPS, ALLOY_WHEELS, SUNROOF, MULTIMEDIA, HEATED_MIRRORS, HEATED_SEATS, HEADLIGHT_WASHER, SECURITY_SYSTEM, PARKTRONIC, INTERIOR, POWER_STEERING, CENTRAL_LOCK, POWER_WINDOWS) VALUES ('99067321', 'TAHOE', 3440, 275, 'Дизель', 'Универсал', 'Задний', 'Робот', '1', '1', '0', '1', '0', 'Климат 2-зонный', '0', '1', '0', '1', 'CD', '1', '0', '0', '1', '1', 'Комбинированный', 'Гидро', '0', 'Передние');
INSERT INTO PACKAGINGS (PACKAGING, MODEL, ENGINE_VOLUME, ENGINE_POWER, ENGINE_TYPE, BODY_TYPE, WHEEL_DRIVE, TRANSMISSION, ANTIBS, ASR, ON_BOARD_COMPUTER, RAIN_SENSOR, LIGHT_SENSOR, AIR_CONDITIONING_UNIT, CRUISE_CONTROL, XENON_HEADLAMPS, ALLOY_WHEELS, SUNROOF, MULTIMEDIA, HEATED_MIRRORS, HEATED_SEATS, HEADLIGHT_WASHER, SECURITY_SYSTEM, PARKTRONIC, INTERIOR, POWER_STEERING, CENTRAL_LOCK, POWER_WINDOWS) VALUES ('420567718', 'NEXIA', 4048, 173, 'Бензин компрессор', 'Седан', 'Передний', 'АКПП', '1', '0', '0', '1', '1', 'Климат 1-зонный', '1', '1', '0', '0', 'CD+NAVI', '1', '0', '0', '1', '1', 'Велюр', 'Гидро', '0', 'Все');
INSERT INTO PACKAGINGS (PACKAGING, MODEL, ENGINE_VOLUME, ENGINE_POWER, ENGINE_TYPE, BODY_TYPE, WHEEL_DRIVE, TRANSMISSION, ANTIBS, ASR, ON_BOARD_COMPUTER, RAIN_SENSOR, LIGHT_SENSOR, AIR_CONDITIONING_UNIT, CRUISE_CONTROL, XENON_HEADLAMPS, ALLOY_WHEELS, SUNROOF, MULTIMEDIA, HEATED_MIRRORS, HEATED_SEATS, HEADLIGHT_WASHER, SECURITY_SYSTEM, PARKTRONIC, INTERIOR, POWER_STEERING, CENTRAL_LOCK, POWER_WINDOWS) VALUES ('7487474', 'TOUAREG', 1333, 170, 'Дизель турбонаддув', 'Седан', 'Задний', 'Вариатор', '0', '0', '1', '1', '1', 'Климат 3-зонный и выше', '1', '0', '1', '0', 'CD+NAVI', '0', '1', '0', '0', '1', 'Комбинированный', 'Электро', '1', 'Передние');
INSERT INTO PACKAGINGS (PACKAGING, MODEL, ENGINE_VOLUME, ENGINE_POWER, ENGINE_TYPE, BODY_TYPE, WHEEL_DRIVE, TRANSMISSION, ANTIBS, ASR, ON_BOARD_COMPUTER, RAIN_SENSOR, LIGHT_SENSOR, AIR_CONDITIONING_UNIT, CRUISE_CONTROL, XENON_HEADLAMPS, ALLOY_WHEELS, SUNROOF, MULTIMEDIA, HEATED_MIRRORS, HEATED_SEATS, HEADLIGHT_WASHER, SECURITY_SYSTEM, PARKTRONIC, INTERIOR, POWER_STEERING, CENTRAL_LOCK, POWER_WINDOWS) VALUES ('077578', '4008', 3273, 110, 'Дизель турбонаддув', 'Пикап', 'Полный', 'АКПП', '0', '1', '0', '0', '0', 'Климат 3-зонный и выше', '1', '1', '1', '1', 'CD', '1', '1', '0', '1', '0', 'Велюр', 'Электро', '1', 'Передние');
INSERT INTO PACKAGINGS (PACKAGING, MODEL, ENGINE_VOLUME, ENGINE_POWER, ENGINE_TYPE, BODY_TYPE, WHEEL_DRIVE, TRANSMISSION, ANTIBS, ASR, ON_BOARD_COMPUTER, RAIN_SENSOR, LIGHT_SENSOR, AIR_CONDITIONING_UNIT, CRUISE_CONTROL, XENON_HEADLAMPS, ALLOY_WHEELS, SUNROOF, MULTIMEDIA, HEATED_MIRRORS, HEATED_SEATS, HEADLIGHT_WASHER, SECURITY_SYSTEM, PARKTRONIC, INTERIOR, POWER_STEERING, CENTRAL_LOCK, POWER_WINDOWS) VALUES ('1611300', 'CAMRY', 3661, 149, 'Бензин компрессор', 'Родстер', 'Передний', 'Робот', '1', '0', '1', '1', '0', 'Климат 1-зонный', '1', '0', '1', '0', 'CD', '0', '1', '0', '0', '1', 'Ткань', 'Гидро', '1', 'Все');
INSERT INTO PACKAGINGS (PACKAGING, MODEL, ENGINE_VOLUME, ENGINE_POWER, ENGINE_TYPE, BODY_TYPE, WHEEL_DRIVE, TRANSMISSION, ANTIBS, ASR, ON_BOARD_COMPUTER, RAIN_SENSOR, LIGHT_SENSOR, AIR_CONDITIONING_UNIT, CRUISE_CONTROL, XENON_HEADLAMPS, ALLOY_WHEELS, SUNROOF, MULTIMEDIA, HEATED_MIRRORS, HEATED_SEATS, HEADLIGHT_WASHER, SECURITY_SYSTEM, PARKTRONIC, INTERIOR, POWER_STEERING, CENTRAL_LOCK, POWER_WINDOWS) VALUES ('8272274', 'DS4', 2805, 111, 'Бензин компрессор', 'Хэтчбек', 'Полный', 'Механическая', '1', '0', '0', '0', '1', 'Климат 2-зонный', '1', '1', '1', '0', 'CD+NAVI+TV', '1', '1', '0', '0', '0', 'Комбинированный', 'Гидро', '0', 'Передние');
INSERT INTO PACKAGINGS (PACKAGING, MODEL, ENGINE_VOLUME, ENGINE_POWER, ENGINE_TYPE, BODY_TYPE, WHEEL_DRIVE, TRANSMISSION, ANTIBS, ASR, ON_BOARD_COMPUTER, RAIN_SENSOR, LIGHT_SENSOR, AIR_CONDITIONING_UNIT, CRUISE_CONTROL, XENON_HEADLAMPS, ALLOY_WHEELS, SUNROOF, MULTIMEDIA, HEATED_MIRRORS, HEATED_SEATS, HEADLIGHT_WASHER, SECURITY_SYSTEM, PARKTRONIC, INTERIOR, POWER_STEERING, CENTRAL_LOCK, POWER_WINDOWS) VALUES ('978134', 'CORSA', 3239, 208, 'Дизель турбонаддув', 'Кабриолет', 'Полный', 'Вариатор', '0', '0', '1', '1', '0', 'Климат 2-зонный', '1', '1', '0', '0', 'CD+NAVI+TV', '0', '0', '0', '1', '1', 'Кожа', 'Электро', '0', 'Все');
INSERT INTO PACKAGINGS (PACKAGING, MODEL, ENGINE_VOLUME, ENGINE_POWER, ENGINE_TYPE, BODY_TYPE, WHEEL_DRIVE, TRANSMISSION, ANTIBS, ASR, ON_BOARD_COMPUTER, RAIN_SENSOR, LIGHT_SENSOR, AIR_CONDITIONING_UNIT, CRUISE_CONTROL, XENON_HEADLAMPS, ALLOY_WHEELS, SUNROOF, MULTIMEDIA, HEATED_MIRRORS, HEATED_SEATS, HEADLIGHT_WASHER, SECURITY_SYSTEM, PARKTRONIC, INTERIOR, POWER_STEERING, CENTRAL_LOCK, POWER_WINDOWS) VALUES ('13197', 'DEER', 2489, 150, 'Дизель', 'Внедорожник', 'Передний', 'Робот', '0', '0', '0', '0', '1', 'Климат 3-зонный и выше', '0', '1', '0', '1', 'CD', '1', '1', '1', '0', '1', 'Комбинированный', 'Гидро', '0', 'Все');
/******************************************************************************/
/***                   Заполнение таблицы CARS                              ***/
/******************************************************************************/

INSERT INTO CARS (VIN, PACKAGING, PRODUCTION_YEAR, OPERATIONAL_KILOMETERS, CONDITION, OWNERS, COLOUR, INTERIOR_COLOR) VALUES ('60722342358382322', '6928346027', 2011, 292486, 'Отличное', 6, 'Оранжевый', 'Светлый');
INSERT INTO CARS (VIN, PACKAGING, PRODUCTION_YEAR, OPERATIONAL_KILOMETERS, CONDITION, OWNERS, COLOUR, INTERIOR_COLOR) VALUES ('03270865778682358', '818258743', 2002, 118815, 'Требует ремонта', 8, 'Белый', 'Темный');
INSERT INTO CARS (VIN, PACKAGING, PRODUCTION_YEAR, OPERATIONAL_KILOMETERS, CONDITION, OWNERS, COLOUR, INTERIOR_COLOR) VALUES ('67179481252979201', '5878488', 2009, 114810, 'Среднее', 8, 'Красный', 'Светлый');
INSERT INTO CARS (VIN, PACKAGING, PRODUCTION_YEAR, OPERATIONAL_KILOMETERS, CONDITION, OWNERS, COLOUR, INTERIOR_COLOR) VALUES ('76500314352198386', '06111', 1997, 124312, 'Отличное', 8, 'Оранжевый', 'Темный');
INSERT INTO CARS (VIN, PACKAGING, PRODUCTION_YEAR, OPERATIONAL_KILOMETERS, CONDITION, OWNERS, COLOUR, INTERIOR_COLOR) VALUES ('41192080935683283', '86919', 1990, 236389, 'Хорошее', 2, 'Белый', 'Светлый');
INSERT INTO CARS (VIN, PACKAGING, PRODUCTION_YEAR, OPERATIONAL_KILOMETERS, CONDITION, OWNERS, COLOUR, INTERIOR_COLOR) VALUES ('27105892390835938', '0855417', 2005, 149300, 'Среднее', 1, 'Синий', 'Темный');
INSERT INTO CARS (VIN, PACKAGING, PRODUCTION_YEAR, OPERATIONAL_KILOMETERS, CONDITION, OWNERS, COLOUR, INTERIOR_COLOR) VALUES ('97664514123534602', '07645', 2004, 94810, 'Среднее', 6, 'Черный', 'Светлый');
INSERT INTO CARS (VIN, PACKAGING, PRODUCTION_YEAR, OPERATIONAL_KILOMETERS, CONDITION, OWNERS, COLOUR, INTERIOR_COLOR) VALUES ('13157760549620909', '077578', 1993, 291868, 'Требует ремонта', 1, 'Коричневый', 'Темный');
INSERT INTO CARS (VIN, PACKAGING, PRODUCTION_YEAR, OPERATIONAL_KILOMETERS, CONDITION, OWNERS, COLOUR, INTERIOR_COLOR) VALUES ('99766745088102164', '86919', 2013, 46580, 'Требует ремонта', 1, 'Зеленый', 'Светлый');
INSERT INTO CARS (VIN, PACKAGING, PRODUCTION_YEAR, OPERATIONAL_KILOMETERS, CONDITION, OWNERS, COLOUR, INTERIOR_COLOR) VALUES ('62375863843357890', '87692', 2002, 104408, 'Требует ремонта', 2, 'Желтый', 'Темный');
INSERT INTO CARS (VIN, PACKAGING, PRODUCTION_YEAR, OPERATIONAL_KILOMETERS, CONDITION, OWNERS, COLOUR, INTERIOR_COLOR) VALUES ('46580718069204753', '2857618373', 2004, 34885, 'Среднее', 9, 'Синий', 'Светлый');
INSERT INTO CARS (VIN, PACKAGING, PRODUCTION_YEAR, OPERATIONAL_KILOMETERS, CONDITION, OWNERS, COLOUR, INTERIOR_COLOR) VALUES ('64837824617471490', '59158329', 2005, 101963, 'Хорошее', 8, 'Бежевый', 'Светлый');
INSERT INTO CARS (VIN, PACKAGING, PRODUCTION_YEAR, OPERATIONAL_KILOMETERS, CONDITION, OWNERS, COLOUR, INTERIOR_COLOR) VALUES ('11024293620742953', '5211386685', 1994, 198884, 'Отличное', 7, 'Серый', 'Светлый');
INSERT INTO CARS (VIN, PACKAGING, PRODUCTION_YEAR, OPERATIONAL_KILOMETERS, CONDITION, OWNERS, COLOUR, INTERIOR_COLOR) VALUES ('46343654077899452', '36013576', 1995, 179102, 'Требует ремонта', 3, 'Красный', 'Темный');
INSERT INTO CARS (VIN, PACKAGING, PRODUCTION_YEAR, OPERATIONAL_KILOMETERS, CONDITION, OWNERS, COLOUR, INTERIOR_COLOR) VALUES ('18271516560646869', '50490000', 2012, 130213, 'Среднее', 9, 'Голубой', 'Темный');
INSERT INTO CARS (VIN, PACKAGING, PRODUCTION_YEAR, OPERATIONAL_KILOMETERS, CONDITION, OWNERS, COLOUR, INTERIOR_COLOR) VALUES ('88542124641017037', '5081314', 2001, 46770, 'Среднее', 6, 'Бежевый', 'Светлый');
INSERT INTO CARS (VIN, PACKAGING, PRODUCTION_YEAR, OPERATIONAL_KILOMETERS, CONDITION, OWNERS, COLOUR, INTERIOR_COLOR) VALUES ('20851948779892304', '1649935601', 1993, 145986, 'Требует ремонта', 3, 'Желтый', 'Темный');
INSERT INTO CARS (VIN, PACKAGING, PRODUCTION_YEAR, OPERATIONAL_KILOMETERS, CONDITION, OWNERS, COLOUR, INTERIOR_COLOR) VALUES ('66189618397984790', '271686177', 1992, 99032, 'Отличное', 8, 'Голубой', 'Светлый');
INSERT INTO CARS (VIN, PACKAGING, PRODUCTION_YEAR, OPERATIONAL_KILOMETERS, CONDITION, OWNERS, COLOUR, INTERIOR_COLOR) VALUES ('26313186567581507', '86919', 1992, 88559, 'Хорошее', 5, 'Коричневый', 'Темный');
INSERT INTO CARS (VIN, PACKAGING, PRODUCTION_YEAR, OPERATIONAL_KILOMETERS, CONDITION, OWNERS, COLOUR, INTERIOR_COLOR) VALUES ('47735711422017989', '20511', 2001, 68735, 'Требует ремонта', 8, 'Белый', 'Светлый');
INSERT INTO CARS (VIN, PACKAGING, PRODUCTION_YEAR, OPERATIONAL_KILOMETERS, CONDITION, OWNERS, COLOUR, INTERIOR_COLOR) VALUES ('01202867194946692', '62576766', 2012, 119817, 'Отличное', 6, 'Черный', 'Темный');
INSERT INTO CARS (VIN, PACKAGING, PRODUCTION_YEAR, OPERATIONAL_KILOMETERS, CONDITION, OWNERS, COLOUR, INTERIOR_COLOR) VALUES ('64256178341383676', '1649935601', 2001, 140595, 'Требует ремонта', 8, 'Зеленый', 'Светлый');
INSERT INTO CARS (VIN, PACKAGING, PRODUCTION_YEAR, OPERATIONAL_KILOMETERS, CONDITION, OWNERS, COLOUR, INTERIOR_COLOR) VALUES ('19220686325080864', '230533631', 1996, 57993, 'Хорошее', 2, 'Зеленый', 'Светлый');
INSERT INTO CARS (VIN, PACKAGING, PRODUCTION_YEAR, OPERATIONAL_KILOMETERS, CONDITION, OWNERS, COLOUR, INTERIOR_COLOR) VALUES ('65718427483574393', '20511', 2011, 211113, 'Хорошее', 8, 'Синий', 'Светлый');
INSERT INTO CARS (VIN, PACKAGING, PRODUCTION_YEAR, OPERATIONAL_KILOMETERS, CONDITION, OWNERS, COLOUR, INTERIOR_COLOR) VALUES ('28308863287571353', '818258743', 2004, 48164, 'Хорошее', 2, 'Оранжевый', 'Светлый');
INSERT INTO CARS (VIN, PACKAGING, PRODUCTION_YEAR, OPERATIONAL_KILOMETERS, CONDITION, OWNERS, COLOUR, INTERIOR_COLOR) VALUES ('88385889545869634', '566834', 1990, 27910, 'Требует ремонта', 6, 'Красный', 'Светлый');
INSERT INTO CARS (VIN, PACKAGING, PRODUCTION_YEAR, OPERATIONAL_KILOMETERS, CONDITION, OWNERS, COLOUR, INTERIOR_COLOR) VALUES ('76691678546383070', '8211296', 2013, 142818, 'Среднее', 10, 'Серый', 'Темный');
INSERT INTO CARS (VIN, PACKAGING, PRODUCTION_YEAR, OPERATIONAL_KILOMETERS, CONDITION, OWNERS, COLOUR, INTERIOR_COLOR) VALUES ('40969842590235185', '36013576', 1990, 161569, 'Среднее', 5, 'Красный', 'Светлый');
INSERT INTO CARS (VIN, PACKAGING, PRODUCTION_YEAR, OPERATIONAL_KILOMETERS, CONDITION, OWNERS, COLOUR, INTERIOR_COLOR) VALUES ('76417525655408493', '489205981', 1993, 271427, 'Среднее', 1, 'Черный', 'Светлый');
INSERT INTO CARS (VIN, PACKAGING, PRODUCTION_YEAR, OPERATIONAL_KILOMETERS, CONDITION, OWNERS, COLOUR, INTERIOR_COLOR) VALUES ('02319195052229890', '508725', 1994, 149682, 'Хорошее', 8, 'Голубой', 'Темный');
INSERT INTO CARS (VIN, PACKAGING, PRODUCTION_YEAR, OPERATIONAL_KILOMETERS, CONDITION, OWNERS, COLOUR, INTERIOR_COLOR) VALUES ('33600879712331562', '0978572092', 2009, 240986, 'Среднее', 9, 'Серый', 'Темный');
INSERT INTO CARS (VIN, PACKAGING, PRODUCTION_YEAR, OPERATIONAL_KILOMETERS, CONDITION, OWNERS, COLOUR, INTERIOR_COLOR) VALUES ('72856404171487183', '7487474', 1991, 225661, 'Требует ремонта', 10, 'Белый', 'Светлый');
INSERT INTO CARS (VIN, PACKAGING, PRODUCTION_YEAR, OPERATIONAL_KILOMETERS, CONDITION, OWNERS, COLOUR, INTERIOR_COLOR) VALUES ('84050568352894486', '84264889', 1996, 149132, 'Отличное', 2, 'Бежевый', 'Светлый');
INSERT INTO CARS (VIN, PACKAGING, PRODUCTION_YEAR, OPERATIONAL_KILOMETERS, CONDITION, OWNERS, COLOUR, INTERIOR_COLOR) VALUES ('04987960335488614', '53136855', 1990, 45641, 'Хорошее', 7, 'Коричневый', 'Темный');
INSERT INTO CARS (VIN, PACKAGING, PRODUCTION_YEAR, OPERATIONAL_KILOMETERS, CONDITION, OWNERS, COLOUR, INTERIOR_COLOR) VALUES ('77624620160883124', '693854', 2004, 217013, 'Среднее', 5, 'Синий', 'Светлый');
INSERT INTO CARS (VIN, PACKAGING, PRODUCTION_YEAR, OPERATIONAL_KILOMETERS, CONDITION, OWNERS, COLOUR, INTERIOR_COLOR) VALUES ('16144562978271209', '59158329', 2003, 62788, 'Среднее', 2, 'Серый', 'Светлый');
INSERT INTO CARS (VIN, PACKAGING, PRODUCTION_YEAR, OPERATIONAL_KILOMETERS, CONDITION, OWNERS, COLOUR, INTERIOR_COLOR) VALUES ('81420836096441020', '62590920', 1990, 288625, 'Отличное', 9, 'Синий', 'Светлый');
INSERT INTO CARS (VIN, PACKAGING, PRODUCTION_YEAR, OPERATIONAL_KILOMETERS, CONDITION, OWNERS, COLOUR, INTERIOR_COLOR) VALUES ('37497217209401367', '9306100400', 1999, 250016, 'Среднее', 3, 'Бежевый', 'Темный');
INSERT INTO CARS (VIN, PACKAGING, PRODUCTION_YEAR, OPERATIONAL_KILOMETERS, CONDITION, OWNERS, COLOUR, INTERIOR_COLOR) VALUES ('39367589220403382', '43466', 2008, 200156, 'Хорошее', 1, 'Серый', 'Темный');
INSERT INTO CARS (VIN, PACKAGING, PRODUCTION_YEAR, OPERATIONAL_KILOMETERS, CONDITION, OWNERS, COLOUR, INTERIOR_COLOR) VALUES ('68846975089657998', '291398262', 1993, 262931, 'Отличное', 2, 'Черный', 'Светлый');
INSERT INTO CARS (VIN, PACKAGING, PRODUCTION_YEAR, OPERATIONAL_KILOMETERS, CONDITION, OWNERS, COLOUR, INTERIOR_COLOR) VALUES ('04086408007794639', '36013576', 2008, 150054, 'Отличное', 10, 'Желтый', 'Светлый');
INSERT INTO CARS (VIN, PACKAGING, PRODUCTION_YEAR, OPERATIONAL_KILOMETERS, CONDITION, OWNERS, COLOUR, INTERIOR_COLOR) VALUES ('47084532614356087', '248113229', 2008, 199246, 'Хорошее', 6, 'Черный', 'Темный');
INSERT INTO CARS (VIN, PACKAGING, PRODUCTION_YEAR, OPERATIONAL_KILOMETERS, CONDITION, OWNERS, COLOUR, INTERIOR_COLOR) VALUES ('70130760806966619', '02872044', 2009, 274376, 'Хорошее', 6, 'Бежевый', 'Светлый');
INSERT INTO CARS (VIN, PACKAGING, PRODUCTION_YEAR, OPERATIONAL_KILOMETERS, CONDITION, OWNERS, COLOUR, INTERIOR_COLOR) VALUES ('38977400609019828', '300391903', 2001, 256257, 'Среднее', 8, 'Серый', 'Светлый');
INSERT INTO CARS (VIN, PACKAGING, PRODUCTION_YEAR, OPERATIONAL_KILOMETERS, CONDITION, OWNERS, COLOUR, INTERIOR_COLOR) VALUES ('97893803687217319', '79515', 2005, 198558, 'Хорошее', 1, 'Бежевый', 'Темный');
INSERT INTO CARS (VIN, PACKAGING, PRODUCTION_YEAR, OPERATIONAL_KILOMETERS, CONDITION, OWNERS, COLOUR, INTERIOR_COLOR) VALUES ('50978235722906420', '86919', 2013, 234884, 'Требует ремонта', 2, 'Голубой', 'Темный');
INSERT INTO CARS (VIN, PACKAGING, PRODUCTION_YEAR, OPERATIONAL_KILOMETERS, CONDITION, OWNERS, COLOUR, INTERIOR_COLOR) VALUES ('24204730135592107', '271686177', 2008, 97338, 'Отличное', 7, 'Красный', 'Темный');
INSERT INTO CARS (VIN, PACKAGING, PRODUCTION_YEAR, OPERATIONAL_KILOMETERS, CONDITION, OWNERS, COLOUR, INTERIOR_COLOR) VALUES ('34317097433502442', '0957850104', 2001, 175434, 'Хорошее', 4, 'Бежевый', 'Светлый');
INSERT INTO CARS (VIN, PACKAGING, PRODUCTION_YEAR, OPERATIONAL_KILOMETERS, CONDITION, OWNERS, COLOUR, INTERIOR_COLOR) VALUES ('20178173146690944', '63959', 2003, 208280, 'Отличное', 4, 'Зеленый', 'Светлый');
INSERT INTO CARS (VIN, PACKAGING, PRODUCTION_YEAR, OPERATIONAL_KILOMETERS, CONDITION, OWNERS, COLOUR, INTERIOR_COLOR) VALUES ('30859704709663111', '63959', 2011, 259390, 'Среднее', 5, 'Черный', 'Темный');
INSERT INTO CARS (VIN, PACKAGING, PRODUCTION_YEAR, OPERATIONAL_KILOMETERS, CONDITION, OWNERS, COLOUR, INTERIOR_COLOR) VALUES ('64330871850021322', '62576766', 2011, 256480, 'Требует ремонта', 4, 'Синий', 'Темный');
INSERT INTO CARS (VIN, PACKAGING, PRODUCTION_YEAR, OPERATIONAL_KILOMETERS, CONDITION, OWNERS, COLOUR, INTERIOR_COLOR) VALUES ('53166871198066968', '9306100400', 1997, 13211, 'Требует ремонта', 3, 'Оранжевый', 'Светлый');
INSERT INTO CARS (VIN, PACKAGING, PRODUCTION_YEAR, OPERATIONAL_KILOMETERS, CONDITION, OWNERS, COLOUR, INTERIOR_COLOR) VALUES ('94478838853649082', '49506735', 1995, 48613, 'Среднее', 4, 'Бежевый', 'Темный');
INSERT INTO CARS (VIN, PACKAGING, PRODUCTION_YEAR, OPERATIONAL_KILOMETERS, CONDITION, OWNERS, COLOUR, INTERIOR_COLOR) VALUES ('12221536166641960', '6928346027', 1992, 235279, 'Отличное', 9, 'Красный', 'Темный');
INSERT INTO CARS (VIN, PACKAGING, PRODUCTION_YEAR, OPERATIONAL_KILOMETERS, CONDITION, OWNERS, COLOUR, INTERIOR_COLOR) VALUES ('70059533340157158', '3131316770', 1993, 68907, 'Отличное', 3, 'Синий', 'Светлый');
INSERT INTO CARS (VIN, PACKAGING, PRODUCTION_YEAR, OPERATIONAL_KILOMETERS, CONDITION, OWNERS, COLOUR, INTERIOR_COLOR) VALUES ('84455098766642210', '9476169504', 1997, 256610, 'Среднее', 9, 'Голубой', 'Темный');
INSERT INTO CARS (VIN, PACKAGING, PRODUCTION_YEAR, OPERATIONAL_KILOMETERS, CONDITION, OWNERS, COLOUR, INTERIOR_COLOR) VALUES ('37796098065916352', '50490000', 1997, 88812, 'Хорошее', 5, 'Красный', 'Светлый');
INSERT INTO CARS (VIN, PACKAGING, PRODUCTION_YEAR, OPERATIONAL_KILOMETERS, CONDITION, OWNERS, COLOUR, INTERIOR_COLOR) VALUES ('49286512388964448', '43466', 1990, 18804, 'Среднее', 9, 'Красный', 'Темный');
INSERT INTO CARS (VIN, PACKAGING, PRODUCTION_YEAR, OPERATIONAL_KILOMETERS, CONDITION, OWNERS, COLOUR, INTERIOR_COLOR) VALUES ('31429815443375110', '5524464489', 2002, 61626, 'Среднее', 3, 'Коричневый', 'Темный');
INSERT INTO CARS (VIN, PACKAGING, PRODUCTION_YEAR, OPERATIONAL_KILOMETERS, CONDITION, OWNERS, COLOUR, INTERIOR_COLOR) VALUES ('20188896902870889', '818258743', 2009, 180790, 'Хорошее', 4, 'Серый', 'Светлый');
INSERT INTO CARS (VIN, PACKAGING, PRODUCTION_YEAR, OPERATIONAL_KILOMETERS, CONDITION, OWNERS, COLOUR, INTERIOR_COLOR) VALUES ('24934339825817806', '87896840', 2013, 225857, 'Отличное', 9, 'Оранжевый', 'Светлый');
INSERT INTO CARS (VIN, PACKAGING, PRODUCTION_YEAR, OPERATIONAL_KILOMETERS, CONDITION, OWNERS, COLOUR, INTERIOR_COLOR) VALUES ('35845997400295841', '7574988889', 2001, 280163, 'Отличное', 10, 'Коричневый', 'Светлый');
INSERT INTO CARS (VIN, PACKAGING, PRODUCTION_YEAR, OPERATIONAL_KILOMETERS, CONDITION, OWNERS, COLOUR, INTERIOR_COLOR) VALUES ('41525413529830478', '87692', 2006, 101392, 'Среднее', 4, 'Желтый', 'Темный');
INSERT INTO CARS (VIN, PACKAGING, PRODUCTION_YEAR, OPERATIONAL_KILOMETERS, CONDITION, OWNERS, COLOUR, INTERIOR_COLOR) VALUES ('05147737477128048', '0978572092', 1998, 226439, 'Хорошее', 10, 'Голубой', 'Темный');
INSERT INTO CARS (VIN, PACKAGING, PRODUCTION_YEAR, OPERATIONAL_KILOMETERS, CONDITION, OWNERS, COLOUR, INTERIOR_COLOR) VALUES ('98932556684164254', '0855417', 1992, 203217, 'Среднее', 8, 'Черный', 'Светлый');
INSERT INTO CARS (VIN, PACKAGING, PRODUCTION_YEAR, OPERATIONAL_KILOMETERS, CONDITION, OWNERS, COLOUR, INTERIOR_COLOR) VALUES ('63533858794408699', '53136855', 1995, 57887, 'Среднее', 10, 'Оранжевый', 'Светлый');
INSERT INTO CARS (VIN, PACKAGING, PRODUCTION_YEAR, OPERATIONAL_KILOMETERS, CONDITION, OWNERS, COLOUR, INTERIOR_COLOR) VALUES ('98053529899933068', '41058', 2003, 65176, 'Отличное', 7, 'Коричневый', 'Темный');
INSERT INTO CARS (VIN, PACKAGING, PRODUCTION_YEAR, OPERATIONAL_KILOMETERS, CONDITION, OWNERS, COLOUR, INTERIOR_COLOR) VALUES ('32494163817701109', '969057', 2000, 9240, 'Отличное', 7, 'Коричневый', 'Светлый');
INSERT INTO CARS (VIN, PACKAGING, PRODUCTION_YEAR, OPERATIONAL_KILOMETERS, CONDITION, OWNERS, COLOUR, INTERIOR_COLOR) VALUES ('50260934556693084', '291398262', 1993, 75906, 'Требует ремонта', 10, 'Серый', 'Темный');
INSERT INTO CARS (VIN, PACKAGING, PRODUCTION_YEAR, OPERATIONAL_KILOMETERS, CONDITION, OWNERS, COLOUR, INTERIOR_COLOR) VALUES ('52351369360070981', '271686177', 2000, 24912, 'Хорошее', 7, 'Голубой', 'Темный');
INSERT INTO CARS (VIN, PACKAGING, PRODUCTION_YEAR, OPERATIONAL_KILOMETERS, CONDITION, OWNERS, COLOUR, INTERIOR_COLOR) VALUES ('13971435461886296', '489205981', 2007, 150024, 'Отличное', 10, 'Оранжевый', 'Светлый');
INSERT INTO CARS (VIN, PACKAGING, PRODUCTION_YEAR, OPERATIONAL_KILOMETERS, CONDITION, OWNERS, COLOUR, INTERIOR_COLOR) VALUES ('45083212406736058', '8813659', 1992, 29759, 'Требует ремонта', 10, 'Коричневый', 'Светлый');
INSERT INTO CARS (VIN, PACKAGING, PRODUCTION_YEAR, OPERATIONAL_KILOMETERS, CONDITION, OWNERS, COLOUR, INTERIOR_COLOR) VALUES ('42095395044662629', '190785', 2006, 50964, 'Хорошее', 3, 'Красный', 'Светлый');
INSERT INTO CARS (VIN, PACKAGING, PRODUCTION_YEAR, OPERATIONAL_KILOMETERS, CONDITION, OWNERS, COLOUR, INTERIOR_COLOR) VALUES ('45437689912678981', '799480219', 2003, 286495, 'Среднее', 3, 'Серый', 'Светлый');
INSERT INTO CARS (VIN, PACKAGING, PRODUCTION_YEAR, OPERATIONAL_KILOMETERS, CONDITION, OWNERS, COLOUR, INTERIOR_COLOR) VALUES ('70379577686302806', '1649935601', 2000, 88821, 'Хорошее', 1, 'Черный', 'Темный');
INSERT INTO CARS (VIN, PACKAGING, PRODUCTION_YEAR, OPERATIONAL_KILOMETERS, CONDITION, OWNERS, COLOUR, INTERIOR_COLOR) VALUES ('84472719775268903', '077578', 2011, 276829, 'Отличное', 2, 'Синий', 'Светлый');
INSERT INTO CARS (VIN, PACKAGING, PRODUCTION_YEAR, OPERATIONAL_KILOMETERS, CONDITION, OWNERS, COLOUR, INTERIOR_COLOR) VALUES ('94579070027295270', '9306100400', 1996, 203252, 'Среднее', 4, 'Белый', 'Светлый');
INSERT INTO CARS (VIN, PACKAGING, PRODUCTION_YEAR, OPERATIONAL_KILOMETERS, CONDITION, OWNERS, COLOUR, INTERIOR_COLOR) VALUES ('94364421272022099', '59158329', 2010, 142952, 'Требует ремонта', 7, 'Бежевый', 'Светлый');
INSERT INTO CARS (VIN, PACKAGING, PRODUCTION_YEAR, OPERATIONAL_KILOMETERS, CONDITION, OWNERS, COLOUR, INTERIOR_COLOR) VALUES ('23334628407360904', '978134', 1994, 201224, 'Требует ремонта', 6, 'Красный', 'Светлый');
INSERT INTO CARS (VIN, PACKAGING, PRODUCTION_YEAR, OPERATIONAL_KILOMETERS, CONDITION, OWNERS, COLOUR, INTERIOR_COLOR) VALUES ('17190925506569364', '6928346027', 1990, 55252, 'Среднее', 3, 'Синий', 'Светлый');
INSERT INTO CARS (VIN, PACKAGING, PRODUCTION_YEAR, OPERATIONAL_KILOMETERS, CONDITION, OWNERS, COLOUR, INTERIOR_COLOR) VALUES ('87469808354969853', '47427', 1992, 43218, 'Требует ремонта', 7, 'Зеленый', 'Темный');
INSERT INTO CARS (VIN, PACKAGING, PRODUCTION_YEAR, OPERATIONAL_KILOMETERS, CONDITION, OWNERS, COLOUR, INTERIOR_COLOR) VALUES ('48969502081532817', '693854', 2003, 148918, 'Отличное', 2, 'Синий', 'Светлый');
INSERT INTO CARS (VIN, PACKAGING, PRODUCTION_YEAR, OPERATIONAL_KILOMETERS, CONDITION, OWNERS, COLOUR, INTERIOR_COLOR) VALUES ('59710475808049168', '3519114260', 2011, 107784, 'Требует ремонта', 5, 'Бежевый', 'Темный');
INSERT INTO CARS (VIN, PACKAGING, PRODUCTION_YEAR, OPERATIONAL_KILOMETERS, CONDITION, OWNERS, COLOUR, INTERIOR_COLOR) VALUES ('01154046881442797', '799480219', 2002, 154418, 'Хорошее', 1, 'Красный', 'Светлый');
INSERT INTO CARS (VIN, PACKAGING, PRODUCTION_YEAR, OPERATIONAL_KILOMETERS, CONDITION, OWNERS, COLOUR, INTERIOR_COLOR) VALUES ('34919492375581874', '13197', 1996, 81005, 'Отличное', 2, 'Красный', 'Светлый');
INSERT INTO CARS (VIN, PACKAGING, PRODUCTION_YEAR, OPERATIONAL_KILOMETERS, CONDITION, OWNERS, COLOUR, INTERIOR_COLOR) VALUES ('96591282930198652', '420567718', 2004, 297577, 'Хорошее', 9, 'Синий', 'Темный');
INSERT INTO CARS (VIN, PACKAGING, PRODUCTION_YEAR, OPERATIONAL_KILOMETERS, CONDITION, OWNERS, COLOUR, INTERIOR_COLOR) VALUES ('01475275095839558', '818258743', 2011, 279022, 'Требует ремонта', 2, 'Желтый', 'Темный');
INSERT INTO CARS (VIN, PACKAGING, PRODUCTION_YEAR, OPERATIONAL_KILOMETERS, CONDITION, OWNERS, COLOUR, INTERIOR_COLOR) VALUES ('52830291230044902', '7323499358', 1999, 177129, 'Среднее', 7, 'Красный', 'Темный');
INSERT INTO CARS (VIN, PACKAGING, PRODUCTION_YEAR, OPERATIONAL_KILOMETERS, CONDITION, OWNERS, COLOUR, INTERIOR_COLOR) VALUES ('75459406078663450', '53136855', 1992, 131054, 'Отличное', 1, 'Голубой', 'Темный');
INSERT INTO CARS (VIN, PACKAGING, PRODUCTION_YEAR, OPERATIONAL_KILOMETERS, CONDITION, OWNERS, COLOUR, INTERIOR_COLOR) VALUES ('69323282839655453', '508725', 2012, 193055, 'Отличное', 8, 'Синий', 'Светлый');
INSERT INTO CARS (VIN, PACKAGING, PRODUCTION_YEAR, OPERATIONAL_KILOMETERS, CONDITION, OWNERS, COLOUR, INTERIOR_COLOR) VALUES ('97755697272116029', '519068625', 2004, 4964, 'Отличное', 8, 'Желтый', 'Темный');
INSERT INTO CARS (VIN, PACKAGING, PRODUCTION_YEAR, OPERATIONAL_KILOMETERS, CONDITION, OWNERS, COLOUR, INTERIOR_COLOR) VALUES ('03478895803206044', '50490000', 1996, 68751, 'Требует ремонта', 3, 'Белый', 'Светлый');
INSERT INTO CARS (VIN, PACKAGING, PRODUCTION_YEAR, OPERATIONAL_KILOMETERS, CONDITION, OWNERS, COLOUR, INTERIOR_COLOR) VALUES ('76688406215912248', '693854', 2008, 239088, 'Хорошее', 1, 'Оранжевый', 'Светлый');
INSERT INTO CARS (VIN, PACKAGING, PRODUCTION_YEAR, OPERATIONAL_KILOMETERS, CONDITION, OWNERS, COLOUR, INTERIOR_COLOR) VALUES ('99574320841959012', '669069368', 2001, 271964, 'Требует ремонта', 10, 'Бежевый', 'Темный');
INSERT INTO CARS (VIN, PACKAGING, PRODUCTION_YEAR, OPERATIONAL_KILOMETERS, CONDITION, OWNERS, COLOUR, INTERIOR_COLOR) VALUES ('74747533487057333', '3131316770', 2002, 96424, 'Хорошее', 9, 'Белый', 'Темный');
INSERT INTO CARS (VIN, PACKAGING, PRODUCTION_YEAR, OPERATIONAL_KILOMETERS, CONDITION, OWNERS, COLOUR, INTERIOR_COLOR) VALUES ('59416071881652573', '18621', 1996, 11494, 'Среднее', 2, 'Оранжевый', 'Темный');
INSERT INTO CARS (VIN, PACKAGING, PRODUCTION_YEAR, OPERATIONAL_KILOMETERS, CONDITION, OWNERS, COLOUR, INTERIOR_COLOR) VALUES ('61368021568822386', '3519114260', 2003, 22116, 'Требует ремонта', 7, 'Красный', 'Темный');
INSERT INTO CARS (VIN, PACKAGING, PRODUCTION_YEAR, OPERATIONAL_KILOMETERS, CONDITION, OWNERS, COLOUR, INTERIOR_COLOR) VALUES ('18824574342342095', '30225116', 2010, 219755, 'Среднее', 7, 'Белый', 'Светлый');
INSERT INTO CARS (VIN, PACKAGING, PRODUCTION_YEAR, OPERATIONAL_KILOMETERS, CONDITION, OWNERS, COLOUR, INTERIOR_COLOR) VALUES ('31864636539948284', '18621', 2013, 166017, 'Отличное', 8, 'Зеленый', 'Светлый');
INSERT INTO CARS (VIN, PACKAGING, PRODUCTION_YEAR, OPERATIONAL_KILOMETERS, CONDITION, OWNERS, COLOUR, INTERIOR_COLOR) VALUES ('45703550886706190', '3828105142', 2006, 99408, 'Требует ремонта', 4, 'Желтый', 'Светлый');

/******************************************************************************/
/***                    Заполнение таблицы CAR_SALES                        ***/
/******************************************************************************/

INSERT INTO CAR_SALES (CONTRACT_NUMBER, DATE_CONTR, SELLER_ID, CLIENT_ID, VIN, PRICE) VALUES (1, '2013-03-13 16:52:55', 7, 51, '99574320841959012', 2044358);
INSERT INTO CAR_SALES (CONTRACT_NUMBER, DATE_CONTR, SELLER_ID, CLIENT_ID, VIN, PRICE) VALUES (2, '2013-03-24 20:45:48', 5, 49, '64837824617471490', 2173996);
INSERT INTO CAR_SALES (CONTRACT_NUMBER, DATE_CONTR, SELLER_ID, CLIENT_ID, VIN, PRICE) VALUES (3, '2013-03-11 22:42:10', 7, 3, '98053529899933068', 2942911);
INSERT INTO CAR_SALES (CONTRACT_NUMBER, DATE_CONTR, SELLER_ID, CLIENT_ID, VIN, PRICE) VALUES (4, '2013-01-23 18:26:27', 10, 9, '12221536166641960', 391038);
INSERT INTO CAR_SALES (CONTRACT_NUMBER, DATE_CONTR, SELLER_ID, CLIENT_ID, VIN, PRICE) VALUES (5, '2013-04-03 19:09:47', 10, 74, '59416071881652573', 2842296);
INSERT INTO CAR_SALES (CONTRACT_NUMBER, DATE_CONTR, SELLER_ID, CLIENT_ID, VIN, PRICE) VALUES (6, '2013-03-12 19:31:03', 9, 43, '64837824617471490', 2692394);
INSERT INTO CAR_SALES (CONTRACT_NUMBER, DATE_CONTR, SELLER_ID, CLIENT_ID, VIN, PRICE) VALUES (7, '2013-04-12 15:12:18', 6, 95, '48969502081532817', 2078756);
INSERT INTO CAR_SALES (CONTRACT_NUMBER, DATE_CONTR, SELLER_ID, CLIENT_ID, VIN, PRICE) VALUES (8, '2013-03-30 21:20:20', 3, 77, '32494163817701109', 1138098);
INSERT INTO CAR_SALES (CONTRACT_NUMBER, DATE_CONTR, SELLER_ID, CLIENT_ID, VIN, PRICE) VALUES (9, '2013-03-03 01:04:25', 3, 69, '49286512388964448', 192523);
INSERT INTO CAR_SALES (CONTRACT_NUMBER, DATE_CONTR, SELLER_ID, CLIENT_ID, VIN, PRICE) VALUES (10, '2013-03-09 12:44:41', 6, 14, '38977400609019828', 247233);
INSERT INTO CAR_SALES (CONTRACT_NUMBER, DATE_CONTR, SELLER_ID, CLIENT_ID, VIN, PRICE) VALUES (11, '2013-04-10 14:26:07', 10, 42, '03270865778682358', 1988545);
INSERT INTO CAR_SALES (CONTRACT_NUMBER, DATE_CONTR, SELLER_ID, CLIENT_ID, VIN, PRICE) VALUES (12, '2013-03-19 19:00:53', 1, 60, '02319195052229890', 1446004);
INSERT INTO CAR_SALES (CONTRACT_NUMBER, DATE_CONTR, SELLER_ID, CLIENT_ID, VIN, PRICE) VALUES (13, '2013-01-27 09:44:15', 1, 91, '24934339825817806', 683237);
INSERT INTO CAR_SALES (CONTRACT_NUMBER, DATE_CONTR, SELLER_ID, CLIENT_ID, VIN, PRICE) VALUES (14, '2013-02-12 13:59:18', 1, 93, '37497217209401367', 2415133);
INSERT INTO CAR_SALES (CONTRACT_NUMBER, DATE_CONTR, SELLER_ID, CLIENT_ID, VIN, PRICE) VALUES (15, '2013-02-28 02:11:18', 6, 88, '27105892390835938', 170097);
INSERT INTO CAR_SALES (CONTRACT_NUMBER, DATE_CONTR, SELLER_ID, CLIENT_ID, VIN, PRICE) VALUES (16, '2013-01-16 05:44:39', 6, 2, '16144562978271209', 1231881);
INSERT INTO CAR_SALES (CONTRACT_NUMBER, DATE_CONTR, SELLER_ID, CLIENT_ID, VIN, PRICE) VALUES (17, '2013-04-24 03:43:34', 10, 42, '37796098065916352', 2861965);
INSERT INTO CAR_SALES (CONTRACT_NUMBER, DATE_CONTR, SELLER_ID, CLIENT_ID, VIN, PRICE) VALUES (18, '2013-03-15 08:12:20', 8, 36, '59710475808049168', 1727015);
INSERT INTO CAR_SALES (CONTRACT_NUMBER, DATE_CONTR, SELLER_ID, CLIENT_ID, VIN, PRICE) VALUES (19, '2013-01-15 18:21:24', 6, 43, '47735711422017989', 492767);
INSERT INTO CAR_SALES (CONTRACT_NUMBER, DATE_CONTR, SELLER_ID, CLIENT_ID, VIN, PRICE) VALUES (20, '2013-01-14 01:03:09', 5, 86, '45083212406736058', 2702021);
INSERT INTO CAR_SALES (CONTRACT_NUMBER, DATE_CONTR, SELLER_ID, CLIENT_ID, VIN, PRICE) VALUES (21, '2013-02-07 10:13:57', 2, 81, '84050568352894486', 186541);
INSERT INTO CAR_SALES (CONTRACT_NUMBER, DATE_CONTR, SELLER_ID, CLIENT_ID, VIN, PRICE) VALUES (22, '2013-01-17 10:18:50', 10, 83, '88542124641017037', 776891);
INSERT INTO CAR_SALES (CONTRACT_NUMBER, DATE_CONTR, SELLER_ID, CLIENT_ID, VIN, PRICE) VALUES (23, '2013-03-19 03:51:04', 8, 7, '20851948779892304', 2826555);
INSERT INTO CAR_SALES (CONTRACT_NUMBER, DATE_CONTR, SELLER_ID, CLIENT_ID, VIN, PRICE) VALUES (24, '2013-03-08 16:00:42', 10, 30, '52351369360070981', 2563792);
INSERT INTO CAR_SALES (CONTRACT_NUMBER, DATE_CONTR, SELLER_ID, CLIENT_ID, VIN, PRICE) VALUES (25, '2013-02-15 01:44:31', 10, 66, '94579070027295270', 2282340);
INSERT INTO CAR_SALES (CONTRACT_NUMBER, DATE_CONTR, SELLER_ID, CLIENT_ID, VIN, PRICE) VALUES (26, '2013-01-31 23:14:19', 5, 80, '32494163817701109', 1986908);
INSERT INTO CAR_SALES (CONTRACT_NUMBER, DATE_CONTR, SELLER_ID, CLIENT_ID, VIN, PRICE) VALUES (27, '2013-01-27 11:01:26', 8, 16, '03270865778682358', 2277449);
INSERT INTO CAR_SALES (CONTRACT_NUMBER, DATE_CONTR, SELLER_ID, CLIENT_ID, VIN, PRICE) VALUES (28, '2013-01-10 15:02:12', 10, 54, '60722342358382322', 1093810);
INSERT INTO CAR_SALES (CONTRACT_NUMBER, DATE_CONTR, SELLER_ID, CLIENT_ID, VIN, PRICE) VALUES (29, '2013-04-19 20:12:13', 10, 90, '20178173146690944', 2005743);
INSERT INTO CAR_SALES (CONTRACT_NUMBER, DATE_CONTR, SELLER_ID, CLIENT_ID, VIN, PRICE) VALUES (30, '2013-02-06 15:27:31', 6, 40, '94579070027295270', 2628629);
INSERT INTO CAR_SALES (CONTRACT_NUMBER, DATE_CONTR, SELLER_ID, CLIENT_ID, VIN, PRICE) VALUES (31, '2013-01-22 13:35:24', 8, 51, '26313186567581507', 929032);
INSERT INTO CAR_SALES (CONTRACT_NUMBER, DATE_CONTR, SELLER_ID, CLIENT_ID, VIN, PRICE) VALUES (32, '2013-04-18 17:10:55', 10, 97, '47084532614356087', 1962351);
INSERT INTO CAR_SALES (CONTRACT_NUMBER, DATE_CONTR, SELLER_ID, CLIENT_ID, VIN, PRICE) VALUES (33, '2013-04-10 20:42:12', 5, 84, '24934339825817806', 1413873);
INSERT INTO CAR_SALES (CONTRACT_NUMBER, DATE_CONTR, SELLER_ID, CLIENT_ID, VIN, PRICE) VALUES (34, '2013-02-03 14:03:15', 8, 81, '97893803687217319', 900577);
INSERT INTO CAR_SALES (CONTRACT_NUMBER, DATE_CONTR, SELLER_ID, CLIENT_ID, VIN, PRICE) VALUES (35, '2013-04-11 12:02:57', 1, 68, '70059533340157158', 190336);
INSERT INTO CAR_SALES (CONTRACT_NUMBER, DATE_CONTR, SELLER_ID, CLIENT_ID, VIN, PRICE) VALUES (36, '2013-01-30 00:56:26', 5, 49, '59710475808049168', 2814010);
INSERT INTO CAR_SALES (CONTRACT_NUMBER, DATE_CONTR, SELLER_ID, CLIENT_ID, VIN, PRICE) VALUES (37, '2013-04-19 10:38:07', 8, 100, '41525413529830478', 940567);
INSERT INTO CAR_SALES (CONTRACT_NUMBER, DATE_CONTR, SELLER_ID, CLIENT_ID, VIN, PRICE) VALUES (38, '2013-01-24 01:15:13', 7, 17, '84455098766642210', 1462026);
INSERT INTO CAR_SALES (CONTRACT_NUMBER, DATE_CONTR, SELLER_ID, CLIENT_ID, VIN, PRICE) VALUES (39, '2013-01-20 02:36:25', 2, 64, '12221536166641960', 2749937);
INSERT INTO CAR_SALES (CONTRACT_NUMBER, DATE_CONTR, SELLER_ID, CLIENT_ID, VIN, PRICE) VALUES (40, '2013-04-25 20:32:15', 10, 72, '13157760549620909', 2704620);
INSERT INTO CAR_SALES (CONTRACT_NUMBER, DATE_CONTR, SELLER_ID, CLIENT_ID, VIN, PRICE) VALUES (41, '2013-03-27 04:22:22', 10, 54, '04987960335488614', 1078605);
INSERT INTO CAR_SALES (CONTRACT_NUMBER, DATE_CONTR, SELLER_ID, CLIENT_ID, VIN, PRICE) VALUES (42, '2013-04-16 22:28:48', 4, 24, '12221536166641960', 123035);
INSERT INTO CAR_SALES (CONTRACT_NUMBER, DATE_CONTR, SELLER_ID, CLIENT_ID, VIN, PRICE) VALUES (43, '2013-04-06 01:35:54', 4, 20, '68846975089657998', 936310);
INSERT INTO CAR_SALES (CONTRACT_NUMBER, DATE_CONTR, SELLER_ID, CLIENT_ID, VIN, PRICE) VALUES (44, '2013-01-28 05:43:50', 3, 69, '46580718069204753', 294413);
INSERT INTO CAR_SALES (CONTRACT_NUMBER, DATE_CONTR, SELLER_ID, CLIENT_ID, VIN, PRICE) VALUES (45, '2013-02-19 09:26:30', 9, 95, '87469808354969853', 2068185);
INSERT INTO CAR_SALES (CONTRACT_NUMBER, DATE_CONTR, SELLER_ID, CLIENT_ID, VIN, PRICE) VALUES (46, '2013-04-01 01:53:52', 10, 18, '50260934556693084', 2790741);
INSERT INTO CAR_SALES (CONTRACT_NUMBER, DATE_CONTR, SELLER_ID, CLIENT_ID, VIN, PRICE) VALUES (47, '2013-03-01 05:24:28', 10, 81, '81420836096441020', 784430);
INSERT INTO CAR_SALES (CONTRACT_NUMBER, DATE_CONTR, SELLER_ID, CLIENT_ID, VIN, PRICE) VALUES (48, '2013-02-09 13:06:12', 1, 7, '75459406078663450', 197439);
INSERT INTO CAR_SALES (CONTRACT_NUMBER, DATE_CONTR, SELLER_ID, CLIENT_ID, VIN, PRICE) VALUES (49, '2013-03-25 20:11:30', 4, 47, '04086408007794639', 1591646);
INSERT INTO CAR_SALES (CONTRACT_NUMBER, DATE_CONTR, SELLER_ID, CLIENT_ID, VIN, PRICE) VALUES (50, '2013-02-26 09:27:38', 4, 1, '13157760549620909', 371892);
INSERT INTO CAR_SALES (CONTRACT_NUMBER, DATE_CONTR, SELLER_ID, CLIENT_ID, VIN, PRICE) VALUES (51, '2013-01-26 05:53:33', 7, 90, '97664514123534602', 608626);
INSERT INTO CAR_SALES (CONTRACT_NUMBER, DATE_CONTR, SELLER_ID, CLIENT_ID, VIN, PRICE) VALUES (52, '2013-02-03 16:51:54', 1, 10, '17190925506569364', 1387225);
INSERT INTO CAR_SALES (CONTRACT_NUMBER, DATE_CONTR, SELLER_ID, CLIENT_ID, VIN, PRICE) VALUES (53, '2013-04-25 18:58:03', 4, 6, '03478895803206044', 2074453);
INSERT INTO CAR_SALES (CONTRACT_NUMBER, DATE_CONTR, SELLER_ID, CLIENT_ID, VIN, PRICE) VALUES (54, '2013-03-20 19:27:25', 7, 3, '59416071881652573', 1131648);
INSERT INTO CAR_SALES (CONTRACT_NUMBER, DATE_CONTR, SELLER_ID, CLIENT_ID, VIN, PRICE) VALUES (55, '2013-01-25 13:18:13', 1, 97, '34919492375581874', 2381678);
INSERT INTO CAR_SALES (CONTRACT_NUMBER, DATE_CONTR, SELLER_ID, CLIENT_ID, VIN, PRICE) VALUES (56, '2013-01-16 07:08:45', 7, 72, '70059533340157158', 2458690);
INSERT INTO CAR_SALES (CONTRACT_NUMBER, DATE_CONTR, SELLER_ID, CLIENT_ID, VIN, PRICE) VALUES (57, '2013-02-03 08:46:54', 3, 26, '45083212406736058', 1492418);
INSERT INTO CAR_SALES (CONTRACT_NUMBER, DATE_CONTR, SELLER_ID, CLIENT_ID, VIN, PRICE) VALUES (58, '2013-01-26 00:33:29', 3, 30, '84472719775268903', 1608607);
INSERT INTO CAR_SALES (CONTRACT_NUMBER, DATE_CONTR, SELLER_ID, CLIENT_ID, VIN, PRICE) VALUES (59, '2013-04-05 14:42:28', 9, 44, '65718427483574393', 820171);
INSERT INTO CAR_SALES (CONTRACT_NUMBER, DATE_CONTR, SELLER_ID, CLIENT_ID, VIN, PRICE) VALUES (60, '2013-01-26 11:47:40', 6, 9, '94579070027295270', 546310);
INSERT INTO CAR_SALES (CONTRACT_NUMBER, DATE_CONTR, SELLER_ID, CLIENT_ID, VIN, PRICE) VALUES (61, '2013-02-07 05:29:10', 8, 97, '61368021568822386', 2485175);
INSERT INTO CAR_SALES (CONTRACT_NUMBER, DATE_CONTR, SELLER_ID, CLIENT_ID, VIN, PRICE) VALUES (62, '2013-03-27 01:21:51', 4, 55, '05147737477128048', 486100);
INSERT INTO CAR_SALES (CONTRACT_NUMBER, DATE_CONTR, SELLER_ID, CLIENT_ID, VIN, PRICE) VALUES (63, '2013-02-26 11:54:35', 4, 47, '24204730135592107', 2376099);
INSERT INTO CAR_SALES (CONTRACT_NUMBER, DATE_CONTR, SELLER_ID, CLIENT_ID, VIN, PRICE) VALUES (64, '2013-04-19 17:40:28', 9, 67, '67179481252979201', 1298534);
INSERT INTO CAR_SALES (CONTRACT_NUMBER, DATE_CONTR, SELLER_ID, CLIENT_ID, VIN, PRICE) VALUES (65, '2013-04-15 13:26:38', 9, 35, '59416071881652573', 2075912);
INSERT INTO CAR_SALES (CONTRACT_NUMBER, DATE_CONTR, SELLER_ID, CLIENT_ID, VIN, PRICE) VALUES (66, '2013-01-14 15:27:05', 2, 4, '35845997400295841', 319733);
INSERT INTO CAR_SALES (CONTRACT_NUMBER, DATE_CONTR, SELLER_ID, CLIENT_ID, VIN, PRICE) VALUES (67, '2013-03-03 18:52:27', 5, 54, '41192080935683283', 1634711);
INSERT INTO CAR_SALES (CONTRACT_NUMBER, DATE_CONTR, SELLER_ID, CLIENT_ID, VIN, PRICE) VALUES (68, '2013-01-17 07:27:42', 6, 76, '70059533340157158', 2208445);
INSERT INTO CAR_SALES (CONTRACT_NUMBER, DATE_CONTR, SELLER_ID, CLIENT_ID, VIN, PRICE) VALUES (69, '2013-01-17 08:42:04', 8, 22, '47084532614356087', 2597342);
INSERT INTO CAR_SALES (CONTRACT_NUMBER, DATE_CONTR, SELLER_ID, CLIENT_ID, VIN, PRICE) VALUES (70, '2013-04-28 09:55:09', 7, 22, '28308863287571353', 2921171);
INSERT INTO CAR_SALES (CONTRACT_NUMBER, DATE_CONTR, SELLER_ID, CLIENT_ID, VIN, PRICE) VALUES (71, '2013-02-11 18:38:49', 2, 58, '39367589220403382', 2118617);
INSERT INTO CAR_SALES (CONTRACT_NUMBER, DATE_CONTR, SELLER_ID, CLIENT_ID, VIN, PRICE) VALUES (72, '2013-03-22 15:56:27', 6, 22, '39367589220403382', 1500673);
INSERT INTO CAR_SALES (CONTRACT_NUMBER, DATE_CONTR, SELLER_ID, CLIENT_ID, VIN, PRICE) VALUES (73, '2013-03-05 01:39:33', 4, 9, '99574320841959012', 323934);
INSERT INTO CAR_SALES (CONTRACT_NUMBER, DATE_CONTR, SELLER_ID, CLIENT_ID, VIN, PRICE) VALUES (74, '2013-03-22 21:26:12', 6, 55, '01475275095839558', 1298175);
INSERT INTO CAR_SALES (CONTRACT_NUMBER, DATE_CONTR, SELLER_ID, CLIENT_ID, VIN, PRICE) VALUES (75, '2013-02-24 23:46:38', 8, 18, '20178173146690944', 298137);
INSERT INTO CAR_SALES (CONTRACT_NUMBER, DATE_CONTR, SELLER_ID, CLIENT_ID, VIN, PRICE) VALUES (76, '2013-02-07 13:48:07', 8, 31, '26313186567581507', 674563);
INSERT INTO CAR_SALES (CONTRACT_NUMBER, DATE_CONTR, SELLER_ID, CLIENT_ID, VIN, PRICE) VALUES (77, '2013-03-28 11:14:45', 4, 4, '34317097433502442', 1110388);
INSERT INTO CAR_SALES (CONTRACT_NUMBER, DATE_CONTR, SELLER_ID, CLIENT_ID, VIN, PRICE) VALUES (78, '2013-03-08 07:47:23', 6, 37, '68846975089657998', 2950903);
INSERT INTO CAR_SALES (CONTRACT_NUMBER, DATE_CONTR, SELLER_ID, CLIENT_ID, VIN, PRICE) VALUES (79, '2013-03-22 00:14:24', 4, 63, '45083212406736058', 2407908);
INSERT INTO CAR_SALES (CONTRACT_NUMBER, DATE_CONTR, SELLER_ID, CLIENT_ID, VIN, PRICE) VALUES (80, '2013-01-31 02:56:17', 9, 7, '31429815443375110', 703589);
INSERT INTO CAR_SALES (CONTRACT_NUMBER, DATE_CONTR, SELLER_ID, CLIENT_ID, VIN, PRICE) VALUES (81, '2013-03-24 22:35:16', 1, 85, '52830291230044902', 2136360);
INSERT INTO CAR_SALES (CONTRACT_NUMBER, DATE_CONTR, SELLER_ID, CLIENT_ID, VIN, PRICE) VALUES (82, '2013-04-22 06:55:39', 2, 27, '45083212406736058', 424434);
INSERT INTO CAR_SALES (CONTRACT_NUMBER, DATE_CONTR, SELLER_ID, CLIENT_ID, VIN, PRICE) VALUES (83, '2013-02-18 14:51:24', 1, 45, '05147737477128048', 1569725);
INSERT INTO CAR_SALES (CONTRACT_NUMBER, DATE_CONTR, SELLER_ID, CLIENT_ID, VIN, PRICE) VALUES (84, '2013-04-23 11:14:31', 3, 18, '76500314352198386', 591012);
INSERT INTO CAR_SALES (CONTRACT_NUMBER, DATE_CONTR, SELLER_ID, CLIENT_ID, VIN, PRICE) VALUES (85, '2013-02-11 00:10:58', 3, 1, '50978235722906420', 657439);
INSERT INTO CAR_SALES (CONTRACT_NUMBER, DATE_CONTR, SELLER_ID, CLIENT_ID, VIN, PRICE) VALUES (86, '2013-01-23 03:30:36', 3, 12, '31429815443375110', 2217567);
INSERT INTO CAR_SALES (CONTRACT_NUMBER, DATE_CONTR, SELLER_ID, CLIENT_ID, VIN, PRICE) VALUES (87, '2013-03-30 06:13:06', 10, 66, '96591282930198652', 2221653);
INSERT INTO CAR_SALES (CONTRACT_NUMBER, DATE_CONTR, SELLER_ID, CLIENT_ID, VIN, PRICE) VALUES (88, '2013-02-11 10:54:08', 3, 7, '04987960335488614', 1181802);
INSERT INTO CAR_SALES (CONTRACT_NUMBER, DATE_CONTR, SELLER_ID, CLIENT_ID, VIN, PRICE) VALUES (89, '2013-04-25 04:34:13', 9, 53, '45083212406736058', 762377);
INSERT INTO CAR_SALES (CONTRACT_NUMBER, DATE_CONTR, SELLER_ID, CLIENT_ID, VIN, PRICE) VALUES (90, '2013-04-29 06:57:16', 3, 79, '88542124641017037', 2247857);
INSERT INTO CAR_SALES (CONTRACT_NUMBER, DATE_CONTR, SELLER_ID, CLIENT_ID, VIN, PRICE) VALUES (91, '2013-01-17 19:06:24', 2, 71, '03270865778682358', 1953374);
INSERT INTO CAR_SALES (CONTRACT_NUMBER, DATE_CONTR, SELLER_ID, CLIENT_ID, VIN, PRICE) VALUES (92, '2013-01-19 00:12:04', 7, 34, '31429815443375110', 2630796);
INSERT INTO CAR_SALES (CONTRACT_NUMBER, DATE_CONTR, SELLER_ID, CLIENT_ID, VIN, PRICE) VALUES (93, '2013-01-26 04:30:17', 2, 31, '03270865778682358', 736562);
INSERT INTO CAR_SALES (CONTRACT_NUMBER, DATE_CONTR, SELLER_ID, CLIENT_ID, VIN, PRICE) VALUES (94, '2013-01-29 04:58:56', 3, 5, '60722342358382322', 972904);
INSERT INTO CAR_SALES (CONTRACT_NUMBER, DATE_CONTR, SELLER_ID, CLIENT_ID, VIN, PRICE) VALUES (95, '2013-02-16 14:25:00', 2, 64, '94364421272022099', 347787);
INSERT INTO CAR_SALES (CONTRACT_NUMBER, DATE_CONTR, SELLER_ID, CLIENT_ID, VIN, PRICE) VALUES (96, '2013-02-20 08:48:39', 3, 6, '34919492375581874', 1327116);
INSERT INTO CAR_SALES (CONTRACT_NUMBER, DATE_CONTR, SELLER_ID, CLIENT_ID, VIN, PRICE) VALUES (97, '2013-02-03 08:37:36', 7, 20, '70130760806966619', 1631744);
INSERT INTO CAR_SALES (CONTRACT_NUMBER, DATE_CONTR, SELLER_ID, CLIENT_ID, VIN, PRICE) VALUES (98, '2013-04-26 08:39:56', 5, 14, '23334628407360904', 2767892);
INSERT INTO CAR_SALES (CONTRACT_NUMBER, DATE_CONTR, SELLER_ID, CLIENT_ID, VIN, PRICE) VALUES (99, '2013-03-09 22:34:37', 6, 40, '75459406078663450', 2928866);
INSERT INTO CAR_SALES (CONTRACT_NUMBER, DATE_CONTR, SELLER_ID, CLIENT_ID, VIN, PRICE) VALUES (100, '2013-02-09 02:35:27', 9, 76, '65718427483574393', 774831);
INSERT INTO CAR_SALES (CONTRACT_NUMBER, DATE_CONTR, SELLER_ID, CLIENT_ID, VIN, PRICE) VALUES (101, '2013-01-15 12:38:03', 1, 38, '12221536166641960', 2242014);
INSERT INTO CAR_SALES (CONTRACT_NUMBER, DATE_CONTR, SELLER_ID, CLIENT_ID, VIN, PRICE) VALUES (102, '2013-03-06 20:58:30', 9, 75, '39367589220403382', 1159376);
INSERT INTO CAR_SALES (CONTRACT_NUMBER, DATE_CONTR, SELLER_ID, CLIENT_ID, VIN, PRICE) VALUES (103, '2013-02-05 16:28:25', 10, 96, '04987960335488614', 2815751);
INSERT INTO CAR_SALES (CONTRACT_NUMBER, DATE_CONTR, SELLER_ID, CLIENT_ID, VIN, PRICE) VALUES (104, '2013-02-17 23:53:03', 5, 58, '50260934556693084', 1629872);
INSERT INTO CAR_SALES (CONTRACT_NUMBER, DATE_CONTR, SELLER_ID, CLIENT_ID, VIN, PRICE) VALUES (105, '2013-04-25 01:57:22', 6, 94, '81420836096441020', 786030);
INSERT INTO CAR_SALES (CONTRACT_NUMBER, DATE_CONTR, SELLER_ID, CLIENT_ID, VIN, PRICE) VALUES (106, '2013-04-08 00:49:32', 5, 76, '63533858794408699', 1215330);
INSERT INTO CAR_SALES (CONTRACT_NUMBER, DATE_CONTR, SELLER_ID, CLIENT_ID, VIN, PRICE) VALUES (107, '2013-02-11 07:52:15', 8, 89, '84455098766642210', 983110);
INSERT INTO CAR_SALES (CONTRACT_NUMBER, DATE_CONTR, SELLER_ID, CLIENT_ID, VIN, PRICE) VALUES (108, '2013-03-03 15:18:54', 7, 92, '66189618397984790', 2793194);
INSERT INTO CAR_SALES (CONTRACT_NUMBER, DATE_CONTR, SELLER_ID, CLIENT_ID, VIN, PRICE) VALUES (109, '2013-03-08 09:55:21', 4, 11, '39367589220403382', 395494);
INSERT INTO CAR_SALES (CONTRACT_NUMBER, DATE_CONTR, SELLER_ID, CLIENT_ID, VIN, PRICE) VALUES (110, '2013-01-23 14:37:28', 2, 35, '94579070027295270', 791422);
INSERT INTO CAR_SALES (CONTRACT_NUMBER, DATE_CONTR, SELLER_ID, CLIENT_ID, VIN, PRICE) VALUES (111, '2013-02-21 07:20:00', 1, 28, '98932556684164254', 1327735);
INSERT INTO CAR_SALES (CONTRACT_NUMBER, DATE_CONTR, SELLER_ID, CLIENT_ID, VIN, PRICE) VALUES (112, '2013-02-24 23:05:05', 9, 73, '20188896902870889', 1960194);
INSERT INTO CAR_SALES (CONTRACT_NUMBER, DATE_CONTR, SELLER_ID, CLIENT_ID, VIN, PRICE) VALUES (113, '2013-03-13 15:26:17', 1, 25, '94478838853649082', 1009877);
INSERT INTO CAR_SALES (CONTRACT_NUMBER, DATE_CONTR, SELLER_ID, CLIENT_ID, VIN, PRICE) VALUES (114, '2013-01-16 23:19:01', 9, 22, '67179481252979201', 233564);
INSERT INTO CAR_SALES (CONTRACT_NUMBER, DATE_CONTR, SELLER_ID, CLIENT_ID, VIN, PRICE) VALUES (115, '2013-04-11 15:38:51', 7, 47, '42095395044662629', 841394);
INSERT INTO CAR_SALES (CONTRACT_NUMBER, DATE_CONTR, SELLER_ID, CLIENT_ID, VIN, PRICE) VALUES (116, '2013-04-11 11:46:10', 8, 35, '11024293620742953', 1426370);
INSERT INTO CAR_SALES (CONTRACT_NUMBER, DATE_CONTR, SELLER_ID, CLIENT_ID, VIN, PRICE) VALUES (117, '2013-01-29 16:09:07', 9, 35, '40969842590235185', 877395);
INSERT INTO CAR_SALES (CONTRACT_NUMBER, DATE_CONTR, SELLER_ID, CLIENT_ID, VIN, PRICE) VALUES (118, '2013-01-19 00:56:02', 8, 21, '77624620160883124', 2836699);
INSERT INTO CAR_SALES (CONTRACT_NUMBER, DATE_CONTR, SELLER_ID, CLIENT_ID, VIN, PRICE) VALUES (119, '2013-02-11 22:44:38', 8, 100, '33600879712331562', 989936);
INSERT INTO CAR_SALES (CONTRACT_NUMBER, DATE_CONTR, SELLER_ID, CLIENT_ID, VIN, PRICE) VALUES (120, '2013-04-19 10:37:00', 2, 63, '28308863287571353', 1749241);
INSERT INTO CAR_SALES (CONTRACT_NUMBER, DATE_CONTR, SELLER_ID, CLIENT_ID, VIN, PRICE) VALUES (121, '2013-03-31 13:07:53', 7, 34, '75459406078663450', 1862239);
INSERT INTO CAR_SALES (CONTRACT_NUMBER, DATE_CONTR, SELLER_ID, CLIENT_ID, VIN, PRICE) VALUES (122, '2013-04-02 00:38:20', 9, 33, '01202867194946692', 259834);
INSERT INTO CAR_SALES (CONTRACT_NUMBER, DATE_CONTR, SELLER_ID, CLIENT_ID, VIN, PRICE) VALUES (123, '2013-04-03 14:07:10', 8, 5, '70379577686302806', 2598637);
INSERT INTO CAR_SALES (CONTRACT_NUMBER, DATE_CONTR, SELLER_ID, CLIENT_ID, VIN, PRICE) VALUES (124, '2013-03-08 15:20:32', 7, 31, '01202867194946692', 666506);
INSERT INTO CAR_SALES (CONTRACT_NUMBER, DATE_CONTR, SELLER_ID, CLIENT_ID, VIN, PRICE) VALUES (125, '2013-01-15 03:02:00', 2, 59, '70059533340157158', 1158048);
INSERT INTO CAR_SALES (CONTRACT_NUMBER, DATE_CONTR, SELLER_ID, CLIENT_ID, VIN, PRICE) VALUES (126, '2013-02-13 00:16:26', 8, 44, '88385889545869634', 897338);
INSERT INTO CAR_SALES (CONTRACT_NUMBER, DATE_CONTR, SELLER_ID, CLIENT_ID, VIN, PRICE) VALUES (127, '2013-02-14 08:45:31', 5, 80, '94579070027295270', 1643805);
INSERT INTO CAR_SALES (CONTRACT_NUMBER, DATE_CONTR, SELLER_ID, CLIENT_ID, VIN, PRICE) VALUES (128, '2013-01-14 05:25:36', 2, 83, '46343654077899452', 170459);
INSERT INTO CAR_SALES (CONTRACT_NUMBER, DATE_CONTR, SELLER_ID, CLIENT_ID, VIN, PRICE) VALUES (129, '2013-03-22 01:46:30', 8, 68, '45083212406736058', 1307638);
INSERT INTO CAR_SALES (CONTRACT_NUMBER, DATE_CONTR, SELLER_ID, CLIENT_ID, VIN, PRICE) VALUES (130, '2013-01-22 07:24:28', 4, 77, '37497217209401367', 2606476);
INSERT INTO CAR_SALES (CONTRACT_NUMBER, DATE_CONTR, SELLER_ID, CLIENT_ID, VIN, PRICE) VALUES (131, '2013-02-06 08:33:19', 4, 48, '45703550886706190', 450633);
INSERT INTO CAR_SALES (CONTRACT_NUMBER, DATE_CONTR, SELLER_ID, CLIENT_ID, VIN, PRICE) VALUES (132, '2013-03-13 04:54:48', 2, 76, '13971435461886296', 1438658);
INSERT INTO CAR_SALES (CONTRACT_NUMBER, DATE_CONTR, SELLER_ID, CLIENT_ID, VIN, PRICE) VALUES (133, '2013-04-17 03:42:28', 6, 1, '50978235722906420', 828977);
INSERT INTO CAR_SALES (CONTRACT_NUMBER, DATE_CONTR, SELLER_ID, CLIENT_ID, VIN, PRICE) VALUES (134, '2013-02-17 15:52:56', 3, 73, '47084532614356087', 2591196);
INSERT INTO CAR_SALES (CONTRACT_NUMBER, DATE_CONTR, SELLER_ID, CLIENT_ID, VIN, PRICE) VALUES (135, '2013-04-29 03:14:07', 10, 28, '41525413529830478', 2397297);
INSERT INTO CAR_SALES (CONTRACT_NUMBER, DATE_CONTR, SELLER_ID, CLIENT_ID, VIN, PRICE) VALUES (136, '2013-04-11 18:42:14', 3, 101, '84050568352894486', 2120830);
INSERT INTO CAR_SALES (CONTRACT_NUMBER, DATE_CONTR, SELLER_ID, CLIENT_ID, VIN, PRICE) VALUES (137, '2013-02-23 20:17:14', 6, 40, '52830291230044902', 247412);
INSERT INTO CAR_SALES (CONTRACT_NUMBER, DATE_CONTR, SELLER_ID, CLIENT_ID, VIN, PRICE) VALUES (138, '2013-03-05 05:51:28', 5, 92, '39367589220403382', 942173);
INSERT INTO CAR_SALES (CONTRACT_NUMBER, DATE_CONTR, SELLER_ID, CLIENT_ID, VIN, PRICE) VALUES (139, '2013-02-09 06:46:39', 6, 38, '64837824617471490', 1725309);
INSERT INTO CAR_SALES (CONTRACT_NUMBER, DATE_CONTR, SELLER_ID, CLIENT_ID, VIN, PRICE) VALUES (140, '2013-03-18 12:21:20', 4, 8, '76688406215912248', 1782043);
INSERT INTO CAR_SALES (CONTRACT_NUMBER, DATE_CONTR, SELLER_ID, CLIENT_ID, VIN, PRICE) VALUES (141, '2013-02-26 06:14:46', 2, 24, '37796098065916352', 334147);
INSERT INTO CAR_SALES (CONTRACT_NUMBER, DATE_CONTR, SELLER_ID, CLIENT_ID, VIN, PRICE) VALUES (142, '2013-02-05 11:21:48', 5, 31, '33600879712331562', 733097);
INSERT INTO CAR_SALES (CONTRACT_NUMBER, DATE_CONTR, SELLER_ID, CLIENT_ID, VIN, PRICE) VALUES (143, '2013-02-12 05:20:11', 8, 81, '74747533487057333', 356119);
INSERT INTO CAR_SALES (CONTRACT_NUMBER, DATE_CONTR, SELLER_ID, CLIENT_ID, VIN, PRICE) VALUES (144, '2013-04-05 07:22:44', 3, 46, '02319195052229890', 1002116);
INSERT INTO CAR_SALES (CONTRACT_NUMBER, DATE_CONTR, SELLER_ID, CLIENT_ID, VIN, PRICE) VALUES (145, '2013-02-08 09:15:57', 7, 92, '66189618397984790', 1250967);
INSERT INTO CAR_SALES (CONTRACT_NUMBER, DATE_CONTR, SELLER_ID, CLIENT_ID, VIN, PRICE) VALUES (146, '2013-01-17 15:20:23', 5, 69, '84455098766642210', 1773210);
INSERT INTO CAR_SALES (CONTRACT_NUMBER, DATE_CONTR, SELLER_ID, CLIENT_ID, VIN, PRICE) VALUES (147, '2013-04-24 08:39:48', 5, 51, '04086408007794639', 2413968);
INSERT INTO CAR_SALES (CONTRACT_NUMBER, DATE_CONTR, SELLER_ID, CLIENT_ID, VIN, PRICE) VALUES (148, '2013-04-03 04:02:01', 7, 16, '31864636539948284', 2831288);
INSERT INTO CAR_SALES (CONTRACT_NUMBER, DATE_CONTR, SELLER_ID, CLIENT_ID, VIN, PRICE) VALUES (149, '2013-04-06 15:08:54', 5, 96, '31864636539948284', 2601215);
INSERT INTO CAR_SALES (CONTRACT_NUMBER, DATE_CONTR, SELLER_ID, CLIENT_ID, VIN, PRICE) VALUES (150, '2013-02-10 08:11:22', 5, 77, '87469808354969853', 2516094);
INSERT INTO CAR_SALES (CONTRACT_NUMBER, DATE_CONTR, SELLER_ID, CLIENT_ID, VIN, PRICE) VALUES (151, '2013-01-15 13:01:44', 2, 58, '70059533340157158', 954985);
INSERT INTO CAR_SALES (CONTRACT_NUMBER, DATE_CONTR, SELLER_ID, CLIENT_ID, VIN, PRICE) VALUES (152, '2013-04-04 19:37:31', 2, 78, '84472719775268903', 2102121);
INSERT INTO CAR_SALES (CONTRACT_NUMBER, DATE_CONTR, SELLER_ID, CLIENT_ID, VIN, PRICE) VALUES (153, '2013-04-29 16:29:19', 10, 64, '24934339825817806', 1487022);
INSERT INTO CAR_SALES (CONTRACT_NUMBER, DATE_CONTR, SELLER_ID, CLIENT_ID, VIN, PRICE) VALUES (154, '2013-03-31 17:49:18', 7, 83, '94478838853649082', 1424714);
INSERT INTO CAR_SALES (CONTRACT_NUMBER, DATE_CONTR, SELLER_ID, CLIENT_ID, VIN, PRICE) VALUES (155, '2013-04-09 19:38:40', 6, 32, '13157760549620909', 402542);
INSERT INTO CAR_SALES (CONTRACT_NUMBER, DATE_CONTR, SELLER_ID, CLIENT_ID, VIN, PRICE) VALUES (156, '2013-02-21 02:18:14', 1, 96, '35845997400295841', 297678);
INSERT INTO CAR_SALES (CONTRACT_NUMBER, DATE_CONTR, SELLER_ID, CLIENT_ID, VIN, PRICE) VALUES (157, '2013-03-27 16:50:42', 1, 89, '52351369360070981', 172778);
INSERT INTO CAR_SALES (CONTRACT_NUMBER, DATE_CONTR, SELLER_ID, CLIENT_ID, VIN, PRICE) VALUES (158, '2013-04-20 15:12:00', 7, 77, '03270865778682358', 692705);
INSERT INTO CAR_SALES (CONTRACT_NUMBER, DATE_CONTR, SELLER_ID, CLIENT_ID, VIN, PRICE) VALUES (159, '2013-01-24 12:35:05', 1, 89, '37497217209401367', 2188859);
INSERT INTO CAR_SALES (CONTRACT_NUMBER, DATE_CONTR, SELLER_ID, CLIENT_ID, VIN, PRICE) VALUES (160, '2013-04-15 04:21:30', 1, 45, '70130760806966619', 2475928);
INSERT INTO CAR_SALES (CONTRACT_NUMBER, DATE_CONTR, SELLER_ID, CLIENT_ID, VIN, PRICE) VALUES (161, '2013-01-26 18:24:46', 7, 79, '45437689912678981', 154864);
INSERT INTO CAR_SALES (CONTRACT_NUMBER, DATE_CONTR, SELLER_ID, CLIENT_ID, VIN, PRICE) VALUES (162, '2013-04-14 07:23:21', 10, 51, '76500314352198386', 721913);
INSERT INTO CAR_SALES (CONTRACT_NUMBER, DATE_CONTR, SELLER_ID, CLIENT_ID, VIN, PRICE) VALUES (163, '2013-01-29 16:12:29', 2, 12, '49286512388964448', 2902846);
INSERT INTO CAR_SALES (CONTRACT_NUMBER, DATE_CONTR, SELLER_ID, CLIENT_ID, VIN, PRICE) VALUES (164, '2013-04-23 15:00:56', 7, 92, '45703550886706190', 2050413);
INSERT INTO CAR_SALES (CONTRACT_NUMBER, DATE_CONTR, SELLER_ID, CLIENT_ID, VIN, PRICE) VALUES (165, '2013-04-15 17:11:44', 7, 16, '97755697272116029', 2937627);
INSERT INTO CAR_SALES (CONTRACT_NUMBER, DATE_CONTR, SELLER_ID, CLIENT_ID, VIN, PRICE) VALUES (166, '2013-02-24 06:06:05', 4, 93, '03270865778682358', 2756179);
INSERT INTO CAR_SALES (CONTRACT_NUMBER, DATE_CONTR, SELLER_ID, CLIENT_ID, VIN, PRICE) VALUES (167, '2013-04-15 16:04:50', 9, 26, '42095395044662629', 2044213);
INSERT INTO CAR_SALES (CONTRACT_NUMBER, DATE_CONTR, SELLER_ID, CLIENT_ID, VIN, PRICE) VALUES (168, '2013-01-23 04:44:08', 10, 23, '52830291230044902', 2727160);
INSERT INTO CAR_SALES (CONTRACT_NUMBER, DATE_CONTR, SELLER_ID, CLIENT_ID, VIN, PRICE) VALUES (169, '2013-02-24 05:40:33', 9, 35, '61368021568822386', 115600);
INSERT INTO CAR_SALES (CONTRACT_NUMBER, DATE_CONTR, SELLER_ID, CLIENT_ID, VIN, PRICE) VALUES (170, '2013-01-26 15:44:40', 3, 89, '84472719775268903', 2271383);
INSERT INTO CAR_SALES (CONTRACT_NUMBER, DATE_CONTR, SELLER_ID, CLIENT_ID, VIN, PRICE) VALUES (171, '2013-02-28 07:23:44', 4, 96, '76688406215912248', 1983817);
INSERT INTO CAR_SALES (CONTRACT_NUMBER, DATE_CONTR, SELLER_ID, CLIENT_ID, VIN, PRICE) VALUES (172, '2013-04-02 13:00:35', 7, 65, '84455098766642210', 2197848);
INSERT INTO CAR_SALES (CONTRACT_NUMBER, DATE_CONTR, SELLER_ID, CLIENT_ID, VIN, PRICE) VALUES (173, '2013-02-10 06:59:21', 1, 83, '02319195052229890', 2061991);
INSERT INTO CAR_SALES (CONTRACT_NUMBER, DATE_CONTR, SELLER_ID, CLIENT_ID, VIN, PRICE) VALUES (174, '2013-04-12 16:58:01', 6, 57, '84472719775268903', 2121731);
INSERT INTO CAR_SALES (CONTRACT_NUMBER, DATE_CONTR, SELLER_ID, CLIENT_ID, VIN, PRICE) VALUES (175, '2013-02-07 02:53:50', 1, 9, '98932556684164254', 130268);
INSERT INTO CAR_SALES (CONTRACT_NUMBER, DATE_CONTR, SELLER_ID, CLIENT_ID, VIN, PRICE) VALUES (176, '2013-02-19 15:39:25', 7, 95, '16144562978271209', 1389221);
INSERT INTO CAR_SALES (CONTRACT_NUMBER, DATE_CONTR, SELLER_ID, CLIENT_ID, VIN, PRICE) VALUES (177, '2013-04-18 20:35:40', 3, 52, '52830291230044902', 823398);
INSERT INTO CAR_SALES (CONTRACT_NUMBER, DATE_CONTR, SELLER_ID, CLIENT_ID, VIN, PRICE) VALUES (178, '2013-02-28 17:42:26', 3, 1, '13157760549620909', 1942296);
INSERT INTO CAR_SALES (CONTRACT_NUMBER, DATE_CONTR, SELLER_ID, CLIENT_ID, VIN, PRICE) VALUES (179, '2013-02-20 00:18:09', 10, 93, '60722342358382322', 2302777);
INSERT INTO CAR_SALES (CONTRACT_NUMBER, DATE_CONTR, SELLER_ID, CLIENT_ID, VIN, PRICE) VALUES (180, '2013-04-16 03:37:12', 2, 62, '23334628407360904', 1568752);
INSERT INTO CAR_SALES (CONTRACT_NUMBER, DATE_CONTR, SELLER_ID, CLIENT_ID, VIN, PRICE) VALUES (181, '2013-03-09 23:26:44', 4, 21, '04086408007794639', 620793);
INSERT INTO CAR_SALES (CONTRACT_NUMBER, DATE_CONTR, SELLER_ID, CLIENT_ID, VIN, PRICE) VALUES (182, '2013-04-03 03:44:16', 8, 60, '17190925506569364', 1507803);
INSERT INTO CAR_SALES (CONTRACT_NUMBER, DATE_CONTR, SELLER_ID, CLIENT_ID, VIN, PRICE) VALUES (183, '2013-02-25 05:13:17', 10, 11, '47735711422017989', 2210256);
INSERT INTO CAR_SALES (CONTRACT_NUMBER, DATE_CONTR, SELLER_ID, CLIENT_ID, VIN, PRICE) VALUES (184, '2013-01-16 09:15:51', 3, 99, '84455098766642210', 906554);
INSERT INTO CAR_SALES (CONTRACT_NUMBER, DATE_CONTR, SELLER_ID, CLIENT_ID, VIN, PRICE) VALUES (185, '2013-02-28 02:39:53', 3, 83, '30859704709663111', 2856745);
INSERT INTO CAR_SALES (CONTRACT_NUMBER, DATE_CONTR, SELLER_ID, CLIENT_ID, VIN, PRICE) VALUES (186, '2013-03-05 04:42:52', 4, 67, '59416071881652573', 647671);
INSERT INTO CAR_SALES (CONTRACT_NUMBER, DATE_CONTR, SELLER_ID, CLIENT_ID, VIN, PRICE) VALUES (187, '2013-02-27 13:34:48', 2, 44, '52830291230044902', 2436674);
INSERT INTO CAR_SALES (CONTRACT_NUMBER, DATE_CONTR, SELLER_ID, CLIENT_ID, VIN, PRICE) VALUES (188, '2013-04-16 08:10:19', 8, 47, '27105892390835938', 2093551);
INSERT INTO CAR_SALES (CONTRACT_NUMBER, DATE_CONTR, SELLER_ID, CLIENT_ID, VIN, PRICE) VALUES (189, '2013-01-15 19:42:48', 4, 99, '52830291230044902', 728896);
INSERT INTO CAR_SALES (CONTRACT_NUMBER, DATE_CONTR, SELLER_ID, CLIENT_ID, VIN, PRICE) VALUES (190, '2013-01-16 11:43:18', 2, 75, '88542124641017037', 1517306);
INSERT INTO CAR_SALES (CONTRACT_NUMBER, DATE_CONTR, SELLER_ID, CLIENT_ID, VIN, PRICE) VALUES (191, '2013-04-05 01:32:35', 9, 46, '84472719775268903', 1532656);
INSERT INTO CAR_SALES (CONTRACT_NUMBER, DATE_CONTR, SELLER_ID, CLIENT_ID, VIN, PRICE) VALUES (192, '2013-01-18 08:26:29', 4, 45, '34317097433502442', 2015885);
INSERT INTO CAR_SALES (CONTRACT_NUMBER, DATE_CONTR, SELLER_ID, CLIENT_ID, VIN, PRICE) VALUES (193, '2013-04-30 18:03:48', 9, 9, '50260934556693084', 849693);
INSERT INTO CAR_SALES (CONTRACT_NUMBER, DATE_CONTR, SELLER_ID, CLIENT_ID, VIN, PRICE) VALUES (194, '2013-04-09 10:19:13', 8, 62, '50260934556693084', 1625629);
INSERT INTO CAR_SALES (CONTRACT_NUMBER, DATE_CONTR, SELLER_ID, CLIENT_ID, VIN, PRICE) VALUES (195, '2013-01-20 18:56:01', 3, 52, '62375863843357890', 2313335);
INSERT INTO CAR_SALES (CONTRACT_NUMBER, DATE_CONTR, SELLER_ID, CLIENT_ID, VIN, PRICE) VALUES (196, '2013-03-21 15:28:59', 7, 33, '70130760806966619', 1185584);
INSERT INTO CAR_SALES (CONTRACT_NUMBER, DATE_CONTR, SELLER_ID, CLIENT_ID, VIN, PRICE) VALUES (197, '2013-03-10 22:22:14', 1, 36, '59710475808049168', 2272357);
INSERT INTO CAR_SALES (CONTRACT_NUMBER, DATE_CONTR, SELLER_ID, CLIENT_ID, VIN, PRICE) VALUES (198, '2013-04-12 09:05:38', 7, 33, '18271516560646869', 818876);
INSERT INTO CAR_SALES (CONTRACT_NUMBER, DATE_CONTR, SELLER_ID, CLIENT_ID, VIN, PRICE) VALUES (199, '2013-02-23 02:09:27', 8, 68, '37497217209401367', 762454);
INSERT INTO CAR_SALES (CONTRACT_NUMBER, DATE_CONTR, SELLER_ID, CLIENT_ID, VIN, PRICE) VALUES (200, '2013-03-09 16:18:55', 7, 25, '66189618397984790', 1027475);

/******************************************************************************/
/***                 Заполнение таблицы INSURANCE_SALES                     ***/
/******************************************************************************/

INSERT INTO INSURANCE_SALES (CONTRACT_NUMBER, DATE_CONTR, SELLER_ID, CLIENT_ID, VIN, INSURANCE_NUMBER, START_INS, STOP_INS, PRICE) VALUES (1, '2013-02-03 13:19:48', 7, 84, '76691678546383070', '2298643384', '2013-02-25 00:00:00', '2014-04-11 00:00:00', 25718);
INSERT INTO INSURANCE_SALES (CONTRACT_NUMBER, DATE_CONTR, SELLER_ID, CLIENT_ID, VIN, INSURANCE_NUMBER, START_INS, STOP_INS, PRICE) VALUES (3, '2013-03-27 16:09:15', 2, 41, '84455098766642210', '7597710286', '2013-04-05 00:00:00', '2014-03-15 00:00:00', 84220);
INSERT INTO INSURANCE_SALES (CONTRACT_NUMBER, DATE_CONTR, SELLER_ID, CLIENT_ID, VIN, INSURANCE_NUMBER, START_INS, STOP_INS, PRICE) VALUES (4, '2013-04-02 13:44:39', 10, 31, '34317097433502442', '0808872257', '2013-04-06 00:00:00', '2014-01-17 00:00:00', 42215);
INSERT INTO INSURANCE_SALES (CONTRACT_NUMBER, DATE_CONTR, SELLER_ID, CLIENT_ID, VIN, INSURANCE_NUMBER, START_INS, STOP_INS, PRICE) VALUES (5, '2013-02-07 13:02:37', 7, 70, '88385889545869634', '5865889286', '2013-02-13 00:00:00', '2014-02-27 00:00:00', 76600);
INSERT INTO INSURANCE_SALES (CONTRACT_NUMBER, DATE_CONTR, SELLER_ID, CLIENT_ID, VIN, INSURANCE_NUMBER, START_INS, STOP_INS, PRICE) VALUES (6, '2013-02-08 01:14:14', 4, 80, '76688406215912248', '4036382149', '2013-02-26 00:00:00', '2014-04-10 00:00:00', 77959);
INSERT INTO INSURANCE_SALES (CONTRACT_NUMBER, DATE_CONTR, SELLER_ID, CLIENT_ID, VIN, INSURANCE_NUMBER, START_INS, STOP_INS, PRICE) VALUES (7, '2013-01-16 18:42:37', 10, 24, '02319195052229890', '4724159756', '2013-03-30 00:00:00', '2014-03-27 00:00:00', 79500);
INSERT INTO INSURANCE_SALES (CONTRACT_NUMBER, DATE_CONTR, SELLER_ID, CLIENT_ID, VIN, INSURANCE_NUMBER, START_INS, STOP_INS, PRICE) VALUES (8, '2013-01-20 02:48:36', 7, 37, '20188896902870889', '8065123960', '2013-03-20 00:00:00', '2014-03-28 00:00:00', 70111);
INSERT INTO INSURANCE_SALES (CONTRACT_NUMBER, DATE_CONTR, SELLER_ID, CLIENT_ID, VIN, INSURANCE_NUMBER, START_INS, STOP_INS, PRICE) VALUES (9, '2013-03-27 15:59:49', 8, 58, '84472719775268903', '1641893112', '2013-03-02 00:00:00', '2014-03-20 00:00:00', 62969);
INSERT INTO INSURANCE_SALES (CONTRACT_NUMBER, DATE_CONTR, SELLER_ID, CLIENT_ID, VIN, INSURANCE_NUMBER, START_INS, STOP_INS, PRICE) VALUES (10, '2013-04-09 08:03:04', 3, 16, '70379577686302806', '6135074126', '2013-04-17 00:00:00', '2014-01-27 00:00:00', 93181);
INSERT INTO INSURANCE_SALES (CONTRACT_NUMBER, DATE_CONTR, SELLER_ID, CLIENT_ID, VIN, INSURANCE_NUMBER, START_INS, STOP_INS, PRICE) VALUES (11, '2013-03-26 06:03:22', 8, 44, '42095395044662629', '5252478268', '2013-03-31 00:00:00', '2014-03-11 00:00:00', 19726);
INSERT INTO INSURANCE_SALES (CONTRACT_NUMBER, DATE_CONTR, SELLER_ID, CLIENT_ID, VIN, INSURANCE_NUMBER, START_INS, STOP_INS, PRICE) VALUES (12, '2013-03-26 05:53:39', 1, 49, '81420836096441020', '4890612920', '2013-04-04 00:00:00', '2014-04-19 00:00:00', 77059);
INSERT INTO INSURANCE_SALES (CONTRACT_NUMBER, DATE_CONTR, SELLER_ID, CLIENT_ID, VIN, INSURANCE_NUMBER, START_INS, STOP_INS, PRICE) VALUES (13, '2013-03-12 20:11:59', 10, 63, '76500314352198386', '4598729063', '2013-01-18 00:00:00', '2014-04-16 00:00:00', 80072);
INSERT INTO INSURANCE_SALES (CONTRACT_NUMBER, DATE_CONTR, SELLER_ID, CLIENT_ID, VIN, INSURANCE_NUMBER, START_INS, STOP_INS, PRICE) VALUES (14, '2013-04-30 11:30:11', 3, 67, '11024293620742953', '4066887673', '2013-02-15 00:00:00', '2014-04-28 00:00:00', 90663);
INSERT INTO INSURANCE_SALES (CONTRACT_NUMBER, DATE_CONTR, SELLER_ID, CLIENT_ID, VIN, INSURANCE_NUMBER, START_INS, STOP_INS, PRICE) VALUES (16, '2013-03-07 16:34:32', 6, 57, '47735711422017989', '9565289711', '2013-02-18 00:00:00', '2014-04-24 00:00:00', 33019);
INSERT INTO INSURANCE_SALES (CONTRACT_NUMBER, DATE_CONTR, SELLER_ID, CLIENT_ID, VIN, INSURANCE_NUMBER, START_INS, STOP_INS, PRICE) VALUES (17, '2013-03-17 13:18:19', 4, 88, '34317097433502442', '3942459367', '2013-02-10 00:00:00', '2014-04-24 00:00:00', 34787);
INSERT INTO INSURANCE_SALES (CONTRACT_NUMBER, DATE_CONTR, SELLER_ID, CLIENT_ID, VIN, INSURANCE_NUMBER, START_INS, STOP_INS, PRICE) VALUES (18, '2013-02-11 18:42:49', 7, 39, '50978235722906420', '5515342524', '2013-01-10 00:00:00', '2014-04-05 00:00:00', 52913);
INSERT INTO INSURANCE_SALES (CONTRACT_NUMBER, DATE_CONTR, SELLER_ID, CLIENT_ID, VIN, INSURANCE_NUMBER, START_INS, STOP_INS, PRICE) VALUES (19, '2013-01-10 06:42:08', 8, 24, '27105892390835938', '0923888049', '2013-04-07 00:00:00', '2014-04-16 00:00:00', 17700);
INSERT INTO INSURANCE_SALES (CONTRACT_NUMBER, DATE_CONTR, SELLER_ID, CLIENT_ID, VIN, INSURANCE_NUMBER, START_INS, STOP_INS, PRICE) VALUES (20, '2013-03-03 10:10:53', 6, 2, '01202867194946692', '5854322351', '2013-04-01 00:00:00', '2014-03-31 00:00:00', 50401);
INSERT INTO INSURANCE_SALES (CONTRACT_NUMBER, DATE_CONTR, SELLER_ID, CLIENT_ID, VIN, INSURANCE_NUMBER, START_INS, STOP_INS, PRICE) VALUES (21, '2013-02-13 08:02:48', 7, 69, '68846975089657998', '4467570190', '2013-04-27 00:00:00', '2014-03-01 00:00:00', 72177);
INSERT INTO INSURANCE_SALES (CONTRACT_NUMBER, DATE_CONTR, SELLER_ID, CLIENT_ID, VIN, INSURANCE_NUMBER, START_INS, STOP_INS, PRICE) VALUES (23, '2013-02-15 18:20:21', 4, 14, '66189618397984790', '4210066209', '2013-02-15 00:00:00', '2014-02-06 00:00:00', 57937);
INSERT INTO INSURANCE_SALES (CONTRACT_NUMBER, DATE_CONTR, SELLER_ID, CLIENT_ID, VIN, INSURANCE_NUMBER, START_INS, STOP_INS, PRICE) VALUES (24, '2013-03-08 04:07:06', 2, 51, '34317097433502442', '4945074894', '2013-01-23 00:00:00', '2014-02-09 00:00:00', 90015);
INSERT INTO INSURANCE_SALES (CONTRACT_NUMBER, DATE_CONTR, SELLER_ID, CLIENT_ID, VIN, INSURANCE_NUMBER, START_INS, STOP_INS, PRICE) VALUES (25, '2013-01-17 10:56:44', 1, 92, '20178173146690944', '1812896542', '2013-01-24 00:00:00', '2014-02-27 00:00:00', 24428);
INSERT INTO INSURANCE_SALES (CONTRACT_NUMBER, DATE_CONTR, SELLER_ID, CLIENT_ID, VIN, INSURANCE_NUMBER, START_INS, STOP_INS, PRICE) VALUES (26, '2013-04-19 07:31:55', 10, 24, '46343654077899452', '5678764527', '2013-04-08 00:00:00', '2014-03-13 00:00:00', 78605);
INSERT INTO INSURANCE_SALES (CONTRACT_NUMBER, DATE_CONTR, SELLER_ID, CLIENT_ID, VIN, INSURANCE_NUMBER, START_INS, STOP_INS, PRICE) VALUES (27, '2013-01-20 16:15:52', 7, 36, '47735711422017989', '1257829195', '2013-03-07 00:00:00', '2014-04-13 00:00:00', 20787);
INSERT INTO INSURANCE_SALES (CONTRACT_NUMBER, DATE_CONTR, SELLER_ID, CLIENT_ID, VIN, INSURANCE_NUMBER, START_INS, STOP_INS, PRICE) VALUES (28, '2013-03-09 04:08:11', 6, 46, '65718427483574393', '8069021306', '2013-03-02 00:00:00', '2014-04-19 00:00:00', 60165);
INSERT INTO INSURANCE_SALES (CONTRACT_NUMBER, DATE_CONTR, SELLER_ID, CLIENT_ID, VIN, INSURANCE_NUMBER, START_INS, STOP_INS, PRICE) VALUES (29, '2013-01-12 19:55:18', 3, 62, '49286512388964448', '8414193330', '2013-01-25 00:00:00', '2014-02-02 00:00:00', 68907);
INSERT INTO INSURANCE_SALES (CONTRACT_NUMBER, DATE_CONTR, SELLER_ID, CLIENT_ID, VIN, INSURANCE_NUMBER, START_INS, STOP_INS, PRICE) VALUES (30, '2013-04-12 16:36:25', 2, 99, '69323282839655453', '8515951691', '2013-01-31 00:00:00', '2014-02-13 00:00:00', 51324);
INSERT INTO INSURANCE_SALES (CONTRACT_NUMBER, DATE_CONTR, SELLER_ID, CLIENT_ID, VIN, INSURANCE_NUMBER, START_INS, STOP_INS, PRICE) VALUES (31, '2013-03-08 20:45:34', 7, 57, '61368021568822386', '3699534886', '2013-01-31 00:00:00', '2014-01-25 00:00:00', 28117);
INSERT INTO INSURANCE_SALES (CONTRACT_NUMBER, DATE_CONTR, SELLER_ID, CLIENT_ID, VIN, INSURANCE_NUMBER, START_INS, STOP_INS, PRICE) VALUES (32, '2013-04-25 17:38:39', 5, 45, '84050568352894486', '4279983042', '2013-02-18 00:00:00', '2014-03-18 00:00:00', 93719);
INSERT INTO INSURANCE_SALES (CONTRACT_NUMBER, DATE_CONTR, SELLER_ID, CLIENT_ID, VIN, INSURANCE_NUMBER, START_INS, STOP_INS, PRICE) VALUES (33, '2013-04-30 08:25:20', 9, 32, '04987960335488614', '8114758477', '2013-01-24 00:00:00', '2014-02-10 00:00:00', 34538);
INSERT INTO INSURANCE_SALES (CONTRACT_NUMBER, DATE_CONTR, SELLER_ID, CLIENT_ID, VIN, INSURANCE_NUMBER, START_INS, STOP_INS, PRICE) VALUES (35, '2013-02-21 16:55:12', 4, 90, '63533858794408699', '8741125266', '2013-03-18 00:00:00', '2014-03-03 00:00:00', 24566);
INSERT INTO INSURANCE_SALES (CONTRACT_NUMBER, DATE_CONTR, SELLER_ID, CLIENT_ID, VIN, INSURANCE_NUMBER, START_INS, STOP_INS, PRICE) VALUES (37, '2013-02-27 03:42:12', 6, 61, '72856404171487183', '0475551717', '2013-02-27 00:00:00', '2014-04-23 00:00:00', 38245);
INSERT INTO INSURANCE_SALES (CONTRACT_NUMBER, DATE_CONTR, SELLER_ID, CLIENT_ID, VIN, INSURANCE_NUMBER, START_INS, STOP_INS, PRICE) VALUES (40, '2013-04-03 15:20:50', 7, 38, '76688406215912248', '5379595830', '2013-02-19 00:00:00', '2014-02-17 00:00:00', 64848);
INSERT INTO INSURANCE_SALES (CONTRACT_NUMBER, DATE_CONTR, SELLER_ID, CLIENT_ID, VIN, INSURANCE_NUMBER, START_INS, STOP_INS, PRICE) VALUES (42, '2013-03-19 20:59:51', 9, 56, '97755697272116029', '9997207639', '2013-04-05 00:00:00', '2014-01-20 00:00:00', 84762);
INSERT INTO INSURANCE_SALES (CONTRACT_NUMBER, DATE_CONTR, SELLER_ID, CLIENT_ID, VIN, INSURANCE_NUMBER, START_INS, STOP_INS, PRICE) VALUES (44, '2013-04-26 17:46:30', 2, 19, '62375863843357890', '4553805993', '2013-03-11 00:00:00', '2014-01-24 00:00:00', 70679);
INSERT INTO INSURANCE_SALES (CONTRACT_NUMBER, DATE_CONTR, SELLER_ID, CLIENT_ID, VIN, INSURANCE_NUMBER, START_INS, STOP_INS, PRICE) VALUES (45, '2013-04-08 12:23:19', 2, 22, '12221536166641960', '3028706876', '2013-02-18 00:00:00', '2014-04-20 00:00:00', 42731);
INSERT INTO INSURANCE_SALES (CONTRACT_NUMBER, DATE_CONTR, SELLER_ID, CLIENT_ID, VIN, INSURANCE_NUMBER, START_INS, STOP_INS, PRICE) VALUES (46, '2013-03-09 21:24:11', 7, 76, '04987960335488614', '6583091548', '2013-04-12 00:00:00', '2014-01-26 00:00:00', 97103);
INSERT INTO INSURANCE_SALES (CONTRACT_NUMBER, DATE_CONTR, SELLER_ID, CLIENT_ID, VIN, INSURANCE_NUMBER, START_INS, STOP_INS, PRICE) VALUES (48, '2013-01-17 20:10:29', 4, 22, '63533858794408699', '3571521899', '2013-04-29 00:00:00', '2014-03-04 00:00:00', 28915);
INSERT INTO INSURANCE_SALES (CONTRACT_NUMBER, DATE_CONTR, SELLER_ID, CLIENT_ID, VIN, INSURANCE_NUMBER, START_INS, STOP_INS, PRICE) VALUES (49, '2013-02-11 06:26:29', 3, 10, '45703550886706190', '9299525727', '2013-03-30 00:00:00', '2014-04-25 00:00:00', 27778);
INSERT INTO INSURANCE_SALES (CONTRACT_NUMBER, DATE_CONTR, SELLER_ID, CLIENT_ID, VIN, INSURANCE_NUMBER, START_INS, STOP_INS, PRICE) VALUES (52, '2013-02-19 11:40:10', 4, 45, '48969502081532817', '4669099057', '2013-02-03 00:00:00', '2014-01-24 00:00:00', 74599);
INSERT INTO INSURANCE_SALES (CONTRACT_NUMBER, DATE_CONTR, SELLER_ID, CLIENT_ID, VIN, INSURANCE_NUMBER, START_INS, STOP_INS, PRICE) VALUES (53, '2013-04-27 22:10:16', 9, 48, '34919492375581874', '9022584733', '2013-02-09 00:00:00', '2014-02-01 00:00:00', 95142);
INSERT INTO INSURANCE_SALES (CONTRACT_NUMBER, DATE_CONTR, SELLER_ID, CLIENT_ID, VIN, INSURANCE_NUMBER, START_INS, STOP_INS, PRICE) VALUES (55, '2013-03-01 05:22:05', 10, 31, '77624620160883124', '0827518341', '2013-02-26 00:00:00', '2014-02-11 00:00:00', 97479);
INSERT INTO INSURANCE_SALES (CONTRACT_NUMBER, DATE_CONTR, SELLER_ID, CLIENT_ID, VIN, INSURANCE_NUMBER, START_INS, STOP_INS, PRICE) VALUES (56, '2013-04-29 10:05:33', 6, 95, '37796098065916352', '1860352802', '2013-01-29 00:00:00', '2014-04-15 00:00:00', 83553);
INSERT INTO INSURANCE_SALES (CONTRACT_NUMBER, DATE_CONTR, SELLER_ID, CLIENT_ID, VIN, INSURANCE_NUMBER, START_INS, STOP_INS, PRICE) VALUES (57, '2013-03-06 11:00:57', 6, 52, '24204730135592107', '7190954248', '2013-01-23 00:00:00', '2014-03-22 00:00:00', 55225);
INSERT INTO INSURANCE_SALES (CONTRACT_NUMBER, DATE_CONTR, SELLER_ID, CLIENT_ID, VIN, INSURANCE_NUMBER, START_INS, STOP_INS, PRICE) VALUES (59, '2013-03-16 04:33:51', 4, 81, '99766745088102164', '6594907729', '2013-04-05 00:00:00', '2014-04-01 00:00:00', 58515);
INSERT INTO INSURANCE_SALES (CONTRACT_NUMBER, DATE_CONTR, SELLER_ID, CLIENT_ID, VIN, INSURANCE_NUMBER, START_INS, STOP_INS, PRICE) VALUES (65, '2013-01-24 10:38:48', 9, 16, '65718427483574393', '6922622476', '2013-04-23 00:00:00', '2014-03-20 00:00:00', 94393);
INSERT INTO INSURANCE_SALES (CONTRACT_NUMBER, DATE_CONTR, SELLER_ID, CLIENT_ID, VIN, INSURANCE_NUMBER, START_INS, STOP_INS, PRICE) VALUES (67, '2013-02-14 07:34:54', 2, 73, '60722342358382322', '3399211272', '2013-01-12 00:00:00', '2014-03-10 00:00:00', 63089);
INSERT INTO INSURANCE_SALES (CONTRACT_NUMBER, DATE_CONTR, SELLER_ID, CLIENT_ID, VIN, INSURANCE_NUMBER, START_INS, STOP_INS, PRICE) VALUES (70, '2013-04-28 04:14:13', 4, 90, '12221536166641960', '6161039820', '2013-03-12 00:00:00', '2014-04-15 00:00:00', 53399);
INSERT INTO INSURANCE_SALES (CONTRACT_NUMBER, DATE_CONTR, SELLER_ID, CLIENT_ID, VIN, INSURANCE_NUMBER, START_INS, STOP_INS, PRICE) VALUES (74, '2013-03-21 11:18:06', 9, 29, '37497217209401367', '3085565740', '2013-04-13 00:00:00', '2014-02-13 00:00:00', 25977);
INSERT INTO INSURANCE_SALES (CONTRACT_NUMBER, DATE_CONTR, SELLER_ID, CLIENT_ID, VIN, INSURANCE_NUMBER, START_INS, STOP_INS, PRICE) VALUES (75, '2013-01-22 13:46:05', 1, 93, '42095395044662629', '8804252856', '2013-02-01 00:00:00', '2014-04-25 00:00:00', 37533);
INSERT INTO INSURANCE_SALES (CONTRACT_NUMBER, DATE_CONTR, SELLER_ID, CLIENT_ID, VIN, INSURANCE_NUMBER, START_INS, STOP_INS, PRICE) VALUES (80, '2013-04-16 20:55:04', 1, 34, '64256178341383676', '1109740223', '2013-02-25 00:00:00', '2014-03-31 00:00:00', 10321);
INSERT INTO INSURANCE_SALES (CONTRACT_NUMBER, DATE_CONTR, SELLER_ID, CLIENT_ID, VIN, INSURANCE_NUMBER, START_INS, STOP_INS, PRICE) VALUES (34, '2013-01-15 12:35:06', 1, 56, '87469808354969853', '0757643108', '2013-02-21 00:00:00', '2014-04-02 00:00:00', 60127);
INSERT INTO INSURANCE_SALES (CONTRACT_NUMBER, DATE_CONTR, SELLER_ID, CLIENT_ID, VIN, INSURANCE_NUMBER, START_INS, STOP_INS, PRICE) VALUES (39, '2013-04-16 01:19:09', 10, 37, '01202867194946692', '3762461989', '2013-03-21 00:00:00', '2014-02-05 00:00:00', 29911);
INSERT INTO INSURANCE_SALES (CONTRACT_NUMBER, DATE_CONTR, SELLER_ID, CLIENT_ID, VIN, INSURANCE_NUMBER, START_INS, STOP_INS, PRICE) VALUES (43, '2013-04-29 23:35:03', 4, 98, '37497217209401367', '0409108755', '2013-01-26 00:00:00', '2014-04-03 00:00:00', 21715);
INSERT INTO INSURANCE_SALES (CONTRACT_NUMBER, DATE_CONTR, SELLER_ID, CLIENT_ID, VIN, INSURANCE_NUMBER, START_INS, STOP_INS, PRICE) VALUES (47, '2013-02-12 21:39:52', 1, 29, '63533858794408699', '2537914704', '2013-04-22 00:00:00', '2014-02-02 00:00:00', 22773);
INSERT INTO INSURANCE_SALES (CONTRACT_NUMBER, DATE_CONTR, SELLER_ID, CLIENT_ID, VIN, INSURANCE_NUMBER, START_INS, STOP_INS, PRICE) VALUES (51, '2013-02-28 11:46:52', 3, 28, '47084532614356087', '3175076765', '2013-03-31 00:00:00', '2014-02-21 00:00:00', 68139);
INSERT INTO INSURANCE_SALES (CONTRACT_NUMBER, DATE_CONTR, SELLER_ID, CLIENT_ID, VIN, INSURANCE_NUMBER, START_INS, STOP_INS, PRICE) VALUES (54, '2013-04-17 20:07:54', 3, 1, '45437689912678981', '3157808019', '2013-02-27 00:00:00', '2014-04-09 00:00:00', 97167);
INSERT INTO INSURANCE_SALES (CONTRACT_NUMBER, DATE_CONTR, SELLER_ID, CLIENT_ID, VIN, INSURANCE_NUMBER, START_INS, STOP_INS, PRICE) VALUES (58, '2013-03-14 06:16:02', 2, 48, '64837824617471490', '9123925155', '2013-03-26 00:00:00', '2014-02-01 00:00:00', 18423);
INSERT INTO INSURANCE_SALES (CONTRACT_NUMBER, DATE_CONTR, SELLER_ID, CLIENT_ID, VIN, INSURANCE_NUMBER, START_INS, STOP_INS, PRICE) VALUES (60, '2013-01-17 22:09:58', 8, 18, '53166871198066968', '2223074095', '2013-04-08 00:00:00', '2014-02-14 00:00:00', 79138);
INSERT INTO INSURANCE_SALES (CONTRACT_NUMBER, DATE_CONTR, SELLER_ID, CLIENT_ID, VIN, INSURANCE_NUMBER, START_INS, STOP_INS, PRICE) VALUES (63, '2013-04-28 03:16:42', 8, 100, '64837824617471490', '8372211893', '2013-02-24 00:00:00', '2014-02-08 00:00:00', 26655);
INSERT INTO INSURANCE_SALES (CONTRACT_NUMBER, DATE_CONTR, SELLER_ID, CLIENT_ID, VIN, INSURANCE_NUMBER, START_INS, STOP_INS, PRICE) VALUES (73, '2013-01-17 23:55:25', 2, 94, '13157760549620909', '1569651904', '2013-01-25 00:00:00', '2014-03-11 00:00:00', 64382);
INSERT INTO INSURANCE_SALES (CONTRACT_NUMBER, DATE_CONTR, SELLER_ID, CLIENT_ID, VIN, INSURANCE_NUMBER, START_INS, STOP_INS, PRICE) VALUES (76, '2013-02-26 12:52:51', 10, 26, '12221536166641960', '8397199287', '2013-04-19 00:00:00', '2014-03-25 00:00:00', 95441);
INSERT INTO INSURANCE_SALES (CONTRACT_NUMBER, DATE_CONTR, SELLER_ID, CLIENT_ID, VIN, INSURANCE_NUMBER, START_INS, STOP_INS, PRICE) VALUES (15, '2013-03-11 09:48:13', 6, 1, '97893803687217319', '3647239671', '2013-04-27 00:00:00', '2014-02-16 00:00:00', 29217);
INSERT INTO INSURANCE_SALES (CONTRACT_NUMBER, DATE_CONTR, SELLER_ID, CLIENT_ID, VIN, INSURANCE_NUMBER, START_INS, STOP_INS, PRICE) VALUES (22, '2013-02-22 20:17:34', 10, 78, '98053529899933068', '7908110959', '2013-03-17 00:00:00', '2014-04-22 00:00:00', 72790);
INSERT INTO INSURANCE_SALES (CONTRACT_NUMBER, DATE_CONTR, SELLER_ID, CLIENT_ID, VIN, INSURANCE_NUMBER, START_INS, STOP_INS, PRICE) VALUES (38, '2013-03-25 02:13:34', 4, 62, '65718427483574393', '6469619407', '2013-04-11 00:00:00', '2014-03-10 00:00:00', 50488);
INSERT INTO INSURANCE_SALES (CONTRACT_NUMBER, DATE_CONTR, SELLER_ID, CLIENT_ID, VIN, INSURANCE_NUMBER, START_INS, STOP_INS, PRICE) VALUES (41, '2013-01-11 02:23:44', 3, 79, '20188896902870889', '5436372533', '2013-04-18 00:00:00', '2014-03-13 00:00:00', 91694);
INSERT INTO INSURANCE_SALES (CONTRACT_NUMBER, DATE_CONTR, SELLER_ID, CLIENT_ID, VIN, INSURANCE_NUMBER, START_INS, STOP_INS, PRICE) VALUES (36, '2013-01-27 14:58:03', 10, 65, '37796098065916352', '4645908305', '2013-01-16 00:00:00', '2014-01-28 00:00:00', 71309);
INSERT INTO INSURANCE_SALES (CONTRACT_NUMBER, DATE_CONTR, SELLER_ID, CLIENT_ID, VIN, INSURANCE_NUMBER, START_INS, STOP_INS, PRICE) VALUES (64, '2013-02-19 12:44:58', 8, 56, '04987960335488614', '1582110295', '2013-03-06 00:00:00', '2014-03-18 00:00:00', 48327);
INSERT INTO INSURANCE_SALES (CONTRACT_NUMBER, DATE_CONTR, SELLER_ID, CLIENT_ID, VIN, INSURANCE_NUMBER, START_INS, STOP_INS, PRICE) VALUES (68, '2013-04-16 13:15:15', 4, 55, '35845997400295841', '6463504234', '2013-01-18 00:00:00', '2014-02-22 00:00:00', 90196);
INSERT INTO INSURANCE_SALES (CONTRACT_NUMBER, DATE_CONTR, SELLER_ID, CLIENT_ID, VIN, INSURANCE_NUMBER, START_INS, STOP_INS, PRICE) VALUES (69, '2013-02-24 11:51:53', 10, 86, '45703550886706190', '1882595825', '2013-04-21 00:00:00', '2014-02-14 00:00:00', 53385);
INSERT INTO INSURANCE_SALES (CONTRACT_NUMBER, DATE_CONTR, SELLER_ID, CLIENT_ID, VIN, INSURANCE_NUMBER, START_INS, STOP_INS, PRICE) VALUES (61, '2013-02-04 01:53:20', 7, 92, '84455098766642210', '9345688085', '2013-02-15 00:00:00', '2014-02-01 00:00:00', 44893);
INSERT INTO INSURANCE_SALES (CONTRACT_NUMBER, DATE_CONTR, SELLER_ID, CLIENT_ID, VIN, INSURANCE_NUMBER, START_INS, STOP_INS, PRICE) VALUES (66, '2013-02-13 03:45:18', 4, 22, '45437689912678981', '2669821525', '2013-02-25 00:00:00', '2014-01-29 00:00:00', 47409);
INSERT INTO INSURANCE_SALES (CONTRACT_NUMBER, DATE_CONTR, SELLER_ID, CLIENT_ID, VIN, INSURANCE_NUMBER, START_INS, STOP_INS, PRICE) VALUES (77, '2013-03-25 22:18:10', 4, 23, '04987960335488614', '1280285396', '2013-01-11 00:00:00', '2014-01-30 00:00:00', 82239);
INSERT INTO INSURANCE_SALES (CONTRACT_NUMBER, DATE_CONTR, SELLER_ID, CLIENT_ID, VIN, INSURANCE_NUMBER, START_INS, STOP_INS, PRICE) VALUES (78, '2013-02-27 07:28:15', 6, 20, '94364421272022099', '1850661141', '2013-02-25 00:00:00', '2014-03-09 00:00:00', 12276);
INSERT INTO INSURANCE_SALES (CONTRACT_NUMBER, DATE_CONTR, SELLER_ID, CLIENT_ID, VIN, INSURANCE_NUMBER, START_INS, STOP_INS, PRICE) VALUES (62, '2013-02-14 11:48:04', 3, 94, '94478838853649082', '7767255151', '2013-04-02 00:00:00', '2014-03-08 00:00:00', 68106);
INSERT INTO INSURANCE_SALES (CONTRACT_NUMBER, DATE_CONTR, SELLER_ID, CLIENT_ID, VIN, INSURANCE_NUMBER, START_INS, STOP_INS, PRICE) VALUES (79, '2013-04-06 14:48:43', 1, 25, '67179481252979201', '7581495776', '2013-02-12 00:00:00', '2014-04-12 00:00:00', 87095);
INSERT INTO INSURANCE_SALES (CONTRACT_NUMBER, DATE_CONTR, SELLER_ID, CLIENT_ID, VIN, INSURANCE_NUMBER, START_INS, STOP_INS, PRICE) VALUES (72, '2013-04-13 14:57:14', 10, 74, '47084532614356087', '2065253724', '2013-01-30 00:00:00', '2014-04-14 00:00:00', 48017);
INSERT INTO INSURANCE_SALES (CONTRACT_NUMBER, DATE_CONTR, SELLER_ID, CLIENT_ID, VIN, INSURANCE_NUMBER, START_INS, STOP_INS, PRICE) VALUES (50, '2013-03-29 11:26:54', 4, 75, '31864636539948284', '9688144440', '2013-04-11 00:00:00', '2014-01-17 00:00:00', 47597);
INSERT INTO INSURANCE_SALES (CONTRACT_NUMBER, DATE_CONTR, SELLER_ID, CLIENT_ID, VIN, INSURANCE_NUMBER, START_INS, STOP_INS, PRICE) VALUES (2, '2013-03-26 15:04:37', 9, 47, '88542124641017037', '5453333881', '2013-04-16 00:00:00', '2014-03-03 00:00:00', 40998);
INSERT INTO INSURANCE_SALES (CONTRACT_NUMBER, DATE_CONTR, SELLER_ID, CLIENT_ID, VIN, INSURANCE_NUMBER, START_INS, STOP_INS, PRICE) VALUES (71, '2013-04-01 05:02:23', 8, 35, '27105892390835938', '0871637276', '2013-04-26 00:00:00', '2014-04-10 00:00:00', 36159);

/******************************************************************************/
/***                 Создание представления FIND_CARS                       ***/
/******************************************************************************/

CREATE VIEW FIND_CARS(
    VIN,
    MODEL)
AS
SELECT vin, model FROM cars, packagings WHERE
(cars.packaging = packagings.packaging) AND ((SELECT COUNT(contract_number)
FROM car_sales WHERE car_sales.vin = cars.vin) > 1  ) AND (model = 'PAJERO')
;
commit;

/******************************************************************************/
/***                 Создание представления FIND_CLIENTS                    ***/
/******************************************************************************/

CREATE VIEW FIND_CLIENTS(
    CLIENT_ID,
    LAST_NAME,
    FIRST_NAME,
    C_CONTRACT_NUMBER)
AS
SELECT FIRST 5 client_id, last_name, first_name, COUNT(contract_number)
FROM clients, car_sales WHERE clients.client_id = car_sales.client_id
GROUP BY client_id, last_name, first_name ORDER BY COUNT(contract_number) DESC, client_id
;
commit;

/******************************************************************************/
/***                 Создание процедуры DEL_CARS                            ***/
/******************************************************************************/
SET TERM ^ ;
CREATE OR ALTER procedure DEL_CARS
as
BEGIN
    DELETE FROM car_sales WHERE car_sales.vin NOT IN
    (SELECT insurance_sales.vin FROM insurance_sales);
END^
SET TERM ; ^
commit;

/******************************************************************************/
/***                 Создание процедуры COUNT_CAR                           ***/
/******************************************************************************/

SET TERM ^ ;
CREATE OR ALTER procedure COUNT_CAR
returns (
    OUT_VIN char(17),
    AVG_PRICE integer,
    OUT_COUNT integer,
    OUT_MIN_PRICE integer,
    OUT_MAX_PRICE integer)
as
BEGIN
FOR SELECT car_sales.vin,  COUNT (car_sales.vin),
MIN (car_sales.price), MAX (car_sales.price)
FROM car_sales
GROUP BY vin ORDER BY vin
INTO :out_vin, :out_count, :out_MIN_price, :out_MAX_price do
begin
avg_price=(out_max_price-out_min_price)/out_count;
SUSPEND;
end
END^
SET TERM ; ^
commit;

/******************************************************************************/
/***                 Создание генератора GEN_CONTRACT_NUMBER                ***/
/******************************************************************************/

CREATE GENERATOR gen_contract_number;
SET generator gen_contract_number TO 200;

/******************************************************************************/
/***                 Создание триггера INSERT_CAR_SALES                     ***/
/******************************************************************************/

SET TERM ^ ;
CREATE OR ALTER TRIGGER INSERT_CAR_SALES FOR CAR_SALES
ACTIVE BEFORE INSERT POSITION 0
AS
BEGIN
    NEW.contract_number = GEN_ID(gen_contract_number, 1);
END
^
SET TERM ; ^
commit;

/******************************************************************************/
/***                 Создание триггера DELETE_CAR                           ***/
/******************************************************************************/

SET TERM ^ ;
CREATE OR ALTER TRIGGER DELETE_CAR FOR CARS
ACTIVE AFTER DELETE POSITION 0
AS
BEGIN
    DELETE FROM car_sales WHERE (car_sales.vin = OLD.vin);
END
^
SET TERM ; ^
commit;

/******************************************************************************/
/***                 Создание исключения FIRST_EXCEPTION                    ***/
/******************************************************************************/

CREATE EXCEPTION 
FIRST_EXCEPTION 'Отсутствует страховка! Добавление машины невозможно.';
commit;

/******************************************************************************/
/***                 Создание триггера INSERT_CAR                           ***/
/******************************************************************************/

SET TERM ^ ;
CREATE OR ALTER TRIGGER INSERT_CAR FOR CAR_SALES
ACTIVE BEFORE INSERT POSITION 0
AS
declare variable c_contract integer;
BEGIN
    SELECT count(insurance_sales.contract_number)
    from  car_sales, insurance_sales
    where new.seller_id = insurance_sales.seller_id
    and new.vin=insurance_sales.vin into :c_contract;

    if (c_contract=0)
    then
    exception first_exception;
END
^
SET TERM ; ^
commit;

/******************************************************************************/
/***                 Создание триггера DELETE_INSURANCE                     ***/
/******************************************************************************/
SET TERM ^ ;
CREATE OR ALTER TRIGGER DELETE_INSURANCE FOR INSURANCE_SALES
ACTIVE BEFORE INSERT POSITION 0
AS
declare variable c_contract integer;
BEGIN
    SELECT count(insurance_sales.contract_number)
    from  insurance_sales  where insurance_sales.vin=NEW.vin
    into :c_contract;

    if (c_contract>0)
    then
    DELETE FROM insurance_sales WHERE insurance_sales.vin=NEW.vin;
END
^
SET TERM ; ^
commit;
